screen_time,app_switches,scroll_speed,typing_speed,unlock_count,night_usage,label,night_ratio,unlock_intensity,fragmentation_index,agitation_score
255.7,142.0,310.6,6.3,70.2,49.0,Addiction,0.191,16.09,32.56,0.292
327.2,35.1,526.5,5.8,96.6,45.1,Stress,0.137,17.39,6.32,0.365
230.5,103.8,493.3,7.3,105.7,15.7,Addiction,0.068,26.82,26.33,0.392
211.1,9.3,570.8,9.9,134.2,55.4,Balanced,0.261,37.09,2.57,0.492
350.1,183.0,1500.0,12.6,64.5,142.6,Addiction,0.406,10.87,30.83,0.936
222.1,72.0,760.3,13.8,37.8,33.2,Stress,0.149,9.94,18.94,0.672
280.4,65.8,338.9,3.7,71.5,2.2,Balanced,0.008,14.98,13.78,0.234
265.2,14.9,1312.6,14.7,112.9,86.6,Stress,0.325,24.98,3.3,0.917
349.9,26.7,854.8,6.9,123.4,69.1,Stress,0.197,20.8,4.5,0.526
190.1,54.9,344.4,5.3,10.3,197.3,Stress,1.032,3.15,16.8,0.279
416.2,27.7,1180.3,2.9,200.0,29.5,Stress,0.071,28.42,3.94,0.549
162.1,132.4,143.9,9.4,36.7,13.5,Balanced,0.083,13.1,47.26,0.308
290.7,70.4,186.0,9.1,97.8,46.6,Stress,0.16,19.78,14.24,0.317
271.9,28.0,99.2,4.4,144.7,39.8,Balanced,0.146,31.24,6.05,0.157
153.2,118.6,55.2,4.5,54.3,7.5,Balanced,0.049,20.46,44.7,0.142
304.3,49.1,1123.9,6.2,126.8,62.3,Addiction,0.204,24.52,9.49,0.615
198.8,114.8,576.2,5.2,10.2,36.6,Balanced,0.183,2.99,33.63,0.369
122.7,42.7,109.8,3.6,130.1,170.3,Addiction,1.377,60.65,19.91,0.14
325.9,98.7,483.5,2.6,119.2,63.3,Addiction,0.194,21.55,17.84,0.263
94.0,47.6,937.2,14.8,78.2,25.7,Stress,0.271,46.92,28.56,0.77
137.7,132.5,265.3,4.7,113.1,56.3,Addiction,0.406,47.22,55.32,0.231
228.9,9.6,385.6,9.1,175.6,67.9,Balanced,0.295,44.85,2.45,0.397
348.6,20.5,1500.0,10.4,147.8,93.7,Addiction,0.268,25.01,3.47,0.877
314.9,59.0,414.5,9.4,56.9,58.9,Stress,0.186,10.64,11.03,0.416
253.4,36.6,120.0,10.8,71.0,257.8,Stress,1.013,16.42,8.47,0.336
74.0,46.4,321.8,9.3,49.5,15.1,Balanced,0.201,37.12,34.8,0.377
157.6,107.0,101.6,4.1,44.5,35.9,Balanced,0.226,16.32,39.24,0.15
179.4,45.6,805.0,5.4,105.2,25.8,Balanced,0.143,34.05,14.76,0.466
119.0,85.1,233.0,14.6,49.0,41.6,Balanced,0.347,23.52,40.85,0.483
60.4,29.9,226.3,4.6,105.1,75.3,Balanced,1.226,94.97,27.02,0.213
235.3,7.2,1500.0,6.9,54.3,70.8,Stress,0.3,13.5,1.79,0.784
320.4,114.3,166.7,9.9,60.7,91.9,Addiction,0.286,11.16,21.01,0.331
170.9,200.0,137.9,15.0,28.5,62.9,Balanced,0.366,9.67,67.83,0.455
346.2,78.5,195.5,13.7,103.1,66.3,Stress,0.191,17.56,13.37,0.444
86.3,61.6,957.8,3.2,9.5,64.1,Balanced,0.734,6.18,40.04,0.468
114.4,72.4,731.1,8.9,133.5,37.8,Addiction,0.328,66.53,36.08,0.53
232.5,166.1,318.3,8.2,200.0,35.1,Addiction,0.15,50.31,41.79,0.346
162.2,79.3,294.0,5.5,62.4,25.2,Balanced,0.154,22.26,28.29,0.264
305.9,118.3,691.2,7.0,60.2,95.9,Addiction,0.312,11.58,22.76,0.463
278.7,114.6,592.8,4.0,13.6,3.2,Balanced,0.011,2.87,24.15,0.344
169.3,140.3,436.3,6.1,38.7,65.1,Balanced,0.382,13.25,48.02,0.337
92.1,60.6,749.4,4.6,114.0,110.9,Stress,1.191,69.72,37.06,0.422
157.7,42.2,183.1,7.4,125.5,135.0,Stress,0.851,46.0,15.47,0.271
282.5,99.5,236.6,5.3,68.5,1.6,Balanced,0.006,14.25,20.69,0.236
312.6,133.5,777.8,15.0,109.3,39.0,Addiction,0.124,20.58,25.14,0.711
162.7,151.4,629.1,7.6,29.0,26.9,Balanced,0.164,10.31,53.85,0.454
60.1,180.2,510.0,6.6,80.8,35.9,Addiction,0.588,73.34,163.57,0.38
83.0,125.2,1500.0,5.8,157.4,157.5,Addiction,1.875,106.11,84.4,0.755
269.9,40.2,869.8,5.3,92.6,27.1,Balanced,0.1,20.14,8.74,0.489
167.6,78.5,326.5,2.4,173.7,110.6,Addiction,0.656,60.03,27.13,0.195
170.1,73.3,255.8,11.9,177.3,65.9,Addiction,0.385,60.41,24.97,0.42
113.1,67.2,651.4,15.0,84.7,34.3,Balanced,0.301,42.67,33.85,0.661
111.7,99.6,1121.5,4.6,5.0,30.8,Balanced,0.273,2.55,50.77,0.571
343.0,56.2,84.8,14.5,123.7,72.0,Addiction,0.209,21.27,9.66,0.421
275.3,56.2,617.0,15.0,18.8,53.6,Stress,0.194,4.01,11.99,0.647
144.7,200.0,380.4,15.0,5.0,6.7,Balanced,0.046,1.99,79.63,0.552
222.9,63.1,576.0,15.0,7.9,20.6,Balanced,0.092,2.07,16.54,0.63
245.2,139.6,127.8,2.7,129.8,73.6,Addiction,0.299,31.0,33.34,0.123
498.5,145.3,1121.0,2.6,85.2,14.2,Addiction,0.028,10.13,17.28,0.518
105.6,80.1,1331.8,10.7,70.0,123.5,Stress,1.159,37.63,43.06,0.818
243.4,58.0,814.3,6.9,91.2,9.4,Balanced,0.038,21.94,13.95,0.51
342.1,31.1,1500.0,1.0,8.6,44.3,Balanced,0.129,1.48,5.36,0.627
467.3,13.1,365.0,5.0,49.3,98.4,Stress,0.21,6.25,1.66,0.279
140.2,104.9,606.2,10.4,33.6,18.7,Balanced,0.132,13.79,43.05,0.52
166.4,90.0,822.9,6.1,65.9,13.0,Balanced,0.078,22.94,31.32,0.492
307.5,116.2,657.7,7.0,67.7,84.2,Stress,0.273,12.96,22.24,0.45
73.1,44.5,404.4,2.6,88.4,113.5,Balanced,1.532,67.05,33.75,0.231
257.0,200.0,440.1,5.0,98.3,47.4,Addiction,0.184,22.43,45.63,0.309
594.9,95.9,1251.1,10.8,9.1,38.0,Stress,0.064,0.91,9.58,0.788
272.2,61.2,490.3,4.8,49.8,8.9,Balanced,0.033,10.74,13.2,0.324
38.4,6.6,1077.7,15.0,59.2,60.7,Stress,1.541,80.0,8.92,0.831
123.8,48.9,470.6,7.1,18.2,5.2,Balanced,0.042,8.41,22.6,0.378
142.9,120.1,1073.3,9.4,16.3,159.2,Addiction,1.106,6.57,48.39,0.68
385.1,177.0,531.7,10.6,14.0,49.6,Addiction,0.128,2.15,27.15,0.495
193.3,69.1,774.8,10.3,108.8,21.1,Stress,0.109,32.75,20.8,0.585
60.8,196.7,284.6,3.1,11.1,30.5,Balanced,0.494,9.97,176.68,0.197
206.4,28.9,605.2,3.6,13.4,64.9,Balanced,0.313,3.79,8.16,0.338
230.8,92.0,288.2,1.0,63.8,36.1,Balanced,0.156,16.17,23.31,0.142
154.5,94.0,357.6,5.4,80.6,55.8,Addiction,0.359,30.13,35.14,0.287
110.5,105.5,381.9,3.4,57.8,17.7,Balanced,0.159,29.77,54.33,0.243
600.0,76.6,434.1,4.7,22.0,137.1,Stress,0.228,2.18,7.58,0.299
342.7,88.4,989.2,5.9,16.7,31.2,Balanced,0.091,2.87,15.21,0.553
359.6,28.3,346.3,7.8,62.4,2.9,Balanced,0.008,10.24,4.64,0.347
193.5,165.6,559.6,6.2,52.9,39.3,Addiction,0.202,15.91,49.8,0.389
138.7,130.2,1075.7,6.1,42.5,26.4,Balanced,0.189,17.62,53.99,0.593
159.2,85.8,763.3,8.8,105.4,130.0,Addiction,0.811,38.28,31.16,0.54
86.1,132.3,86.9,6.7,50.1,21.2,Addiction,0.243,32.64,86.19,0.213
493.3,169.2,124.1,12.5,15.2,35.6,Addiction,0.072,1.83,20.33,0.383
198.2,104.4,666.7,6.8,42.7,66.5,Balanced,0.334,12.55,30.68,0.448
433.5,200.0,331.9,15.0,87.4,92.4,Burnout,0.213,11.93,27.3,0.533
164.0,110.7,106.4,3.0,47.7,167.3,Addiction,1.014,16.84,39.07,0.123
274.4,32.6,311.9,5.4,86.3,23.2,Balanced,0.084,18.47,6.98,0.269
238.2,82.6,685.1,4.1,99.0,153.4,Addiction,0.641,24.32,20.29,0.383
79.9,135.9,378.5,8.0,50.2,126.1,Addiction,1.559,35.06,94.92,0.365
527.0,169.3,519.5,3.0,57.6,26.0,Addiction,0.049,6.48,19.06,0.288
167.1,77.8,406.6,1.9,45.2,22.7,Balanced,0.135,15.67,26.97,0.213
98.9,30.2,275.8,3.5,87.7,79.5,Balanced,0.796,50.16,17.27,0.204
308.9,57.0,596.5,2.0,44.0,54.6,Stress,0.176,8.38,10.86,0.292
212.7,18.9,94.4,5.9,81.5,79.3,Balanced,0.371,22.36,5.19,0.195
260.5,118.9,246.0,7.8,68.6,40.5,Balanced,0.155,15.44,26.77,0.306
225.4,48.4,867.5,1.6,7.8,59.7,Balanced,0.264,2.02,12.55,0.39
41.9,37.4,128.4,5.1,84.8,49.9,Balanced,1.163,106.22,46.85,0.187
121.0,127.2,499.8,13.7,63.8,78.4,Addiction,0.643,30.14,60.09,0.565
117.9,194.1,354.6,15.0,137.2,21.8,Addiction,0.183,66.44,94.0,0.542
356.8,37.2,327.2,11.4,19.1,63.8,Stress,0.178,3.16,6.15,0.435
217.4,78.2,926.1,1.0,69.4,164.8,Addiction,0.755,18.64,21.0,0.397
283.7,59.0,1054.4,7.3,38.9,157.6,Stress,0.554,8.06,12.22,0.616
173.3,174.7,195.0,14.7,9.0,70.5,Balanced,0.404,3.01,58.46,0.47
291.6,64.5,437.0,4.7,5.9,21.3,Balanced,0.073,1.19,13.0,0.3
193.8,27.6,67.5,2.4,156.5,227.0,Addiction,1.165,47.0,8.29,0.091
185.4,66.9,889.9,14.0,69.6,78.4,Stress,0.421,21.82,20.97,0.729
237.2,150.5,479.9,15.0,48.9,210.6,Addiction,0.884,12.06,37.13,0.592
225.4,56.2,119.2,6.7,12.4,81.2,Balanced,0.359,3.22,14.57,0.226
600.0,40.8,256.9,2.4,150.2,1.2,Addiction,0.002,14.87,4.04,0.167
120.2,62.2,178.8,1.4,30.6,225.9,Stress,1.864,14.55,29.57,0.109
73.6,28.5,243.9,8.6,72.1,112.3,Balanced,1.505,54.35,21.48,0.327
257.3,58.9,75.8,4.1,61.9,57.7,Balanced,0.223,14.11,13.42,0.14
131.6,43.5,1242.1,6.4,199.4,6.1,Balanced,0.046,86.95,18.97,0.668
37.8,200.0,202.1,5.9,56.5,122.3,Addiction,3.152,77.4,273.97,0.238
102.5,8.8,498.8,3.3,36.9,80.5,Balanced,0.778,20.41,4.87,0.288
600.0,32.4,680.6,1.4,70.4,274.9,Stress,0.457,6.97,3.21,0.31
118.1,40.8,1055.4,4.8,76.2,195.1,Stress,1.638,36.84,19.73,0.55
56.2,28.6,512.2,7.5,200.0,68.9,Balanced,1.205,192.93,27.59,0.405
600.0,92.7,401.6,7.7,55.7,66.2,Burnout,0.11,5.51,9.18,0.366
99.7,36.7,528.8,3.9,18.5,81.3,Balanced,0.807,10.5,20.83,0.316
600.0,16.8,193.9,15.0,42.5,29.1,Stress,0.048,4.21,1.66,0.478
168.8,73.0,209.2,2.7,70.3,59.2,Balanced,0.349,24.13,25.06,0.156
528.2,53.6,394.1,13.0,80.2,48.9,Burnout,0.092,9.01,6.02,0.504
182.9,38.2,50.0,7.3,11.1,150.0,Stress,0.816,3.53,12.13,0.215
275.3,171.7,281.0,4.8,38.3,174.2,Burnout,0.63,8.17,36.62,0.24
196.3,95.0,336.7,9.4,191.6,100.8,Addiction,0.511,56.83,28.18,0.385
183.7,87.4,1500.0,5.6,25.3,24.2,Balanced,0.131,8.0,27.64,0.749
245.1,96.5,1149.6,1.9,107.2,236.7,Burnout,0.962,25.62,23.06,0.511
281.1,93.0,678.8,2.5,43.7,121.8,Addiction,0.432,9.13,19.44,0.338
234.3,55.9,905.5,5.4,58.4,76.5,Balanced,0.325,14.58,13.96,0.506
220.4,37.0,207.5,4.4,12.8,93.2,Stress,0.421,3.39,9.81,0.2
132.3,74.2,539.6,12.8,47.3,11.5,Balanced,0.086,20.52,32.19,0.557
200.9,55.0,828.6,4.2,69.6,48.9,Balanced,0.242,20.18,15.95,0.443
492.0,8.7,209.3,4.0,56.3,160.0,Stress,0.325,6.78,1.05,0.19
128.4,26.3,124.5,3.6,49.8,10.8,Balanced,0.083,22.23,11.74,0.146
249.3,49.5,627.5,3.3,88.0,10.3,Balanced,0.041,20.68,11.63,0.339
409.8,129.1,139.8,3.4,16.6,122.4,Burnout,0.298,2.4,18.63,0.147
282.4,74.5,724.3,2.2,72.1,87.8,Stress,0.31,15.0,15.5,0.348
358.9,31.3,1043.0,7.5,5.3,11.0,Stress,0.031,0.87,5.15,0.617
98.7,24.2,215.6,6.0,128.7,44.8,Balanced,0.449,73.75,13.87,0.246
249.7,148.6,231.3,5.8,51.2,76.5,Addiction,0.305,12.01,34.87,0.247
177.4,58.0,1022.1,1.5,102.2,68.9,Stress,0.386,33.44,18.97,0.449
182.1,5.0,514.3,8.8,5.0,81.8,Balanced,0.447,1.59,1.59,0.44
469.1,61.0,930.0,9.4,92.1,41.7,Addiction,0.089,11.63,7.7,0.623
183.9,110.2,405.9,15.0,29.6,72.0,Stress,0.389,9.35,34.82,0.562
254.4,23.4,430.7,9.1,58.7,100.7,Stress,0.394,13.53,5.39,0.415
56.3,70.2,504.1,15.0,93.1,94.4,Stress,1.647,89.66,67.61,0.602
527.9,75.4,1447.2,3.8,54.5,42.9,Addiction,0.081,6.12,8.47,0.68
347.3,24.8,880.1,15.0,85.3,108.5,Addiction,0.312,14.49,4.21,0.752
205.4,157.9,272.9,9.3,44.3,21.2,Balanced,0.103,12.57,44.82,0.357
172.6,76.4,569.3,8.5,135.8,30.5,Addiction,0.176,45.62,25.67,0.454
298.9,49.3,383.4,5.7,51.1,122.3,Addiction,0.408,10.06,9.7,0.305
407.1,58.3,327.2,4.8,51.9,106.7,Burnout,0.261,7.54,8.47,0.259
531.9,20.4,709.8,4.1,52.7,46.7,Stress,0.088,5.88,2.28,0.393
340.8,19.5,609.1,15.0,57.4,29.9,Balanced,0.087,9.93,3.37,0.644
222.1,45.5,217.9,5.6,17.5,34.2,Balanced,0.153,4.6,11.97,0.236
370.5,48.0,505.1,9.4,24.6,97.1,Stress,0.261,3.92,7.65,0.453
332.7,55.2,318.8,10.9,113.0,82.6,Stress,0.248,20.02,9.78,0.418
222.7,167.5,677.8,10.8,102.1,27.9,Addiction,0.125,26.79,43.94,0.559
327.2,106.0,307.0,7.5,97.5,106.1,Addiction,0.323,17.56,19.09,0.323
323.8,10.6,432.7,15.0,79.7,44.8,Balanced,0.138,14.5,1.93,0.573
204.7,146.3,334.8,8.9,37.6,22.0,Balanced,0.107,10.71,41.66,0.371
152.5,45.2,90.5,4.0,34.3,37.9,Balanced,0.247,12.98,17.11,0.143
307.9,113.4,1399.6,5.0,55.5,63.3,Stress,0.205,10.61,21.68,0.693
106.4,48.3,500.8,1.6,125.3,103.1,Addiction,0.96,66.89,25.78,0.243
90.6,72.7,1432.1,8.1,66.7,97.7,Stress,1.067,41.43,45.16,0.789
256.7,22.0,518.3,10.0,23.4,53.2,Stress,0.206,5.34,5.02,0.474
303.2,85.3,802.4,10.6,13.9,70.1,Stress,0.23,2.7,16.55,0.604
255.6,122.6,288.9,9.3,104.4,49.0,Addiction,0.191,23.94,28.12,0.364
272.1,13.2,295.1,5.7,152.9,28.0,Balanced,0.103,32.99,2.85,0.27
300.2,123.9,479.7,6.6,10.4,55.1,Stress,0.183,2.04,24.28,0.368
470.1,36.9,1423.6,6.6,106.9,6.0,Addiction,0.013,13.47,4.65,0.745
344.1,200.0,225.0,12.8,78.4,176.8,Burnout,0.512,13.44,34.28,0.431
338.3,114.9,67.2,1.0,28.7,68.5,Balanced,0.202,5.0,20.02,0.054
245.2,101.1,1005.9,4.6,67.3,85.3,Stress,0.346,16.07,24.15,0.525
250.6,58.6,837.4,2.8,19.9,29.3,Balanced,0.116,4.65,13.7,0.41
194.6,200.0,350.7,15.0,48.0,68.0,Balanced,0.348,14.36,59.82,0.54
267.4,45.5,1500.0,14.5,57.9,78.2,Stress,0.291,12.71,9.99,0.987
102.8,26.9,1500.0,4.7,134.9,46.9,Stress,0.452,74.39,14.83,0.725
471.3,38.0,83.4,2.0,46.1,49.3,Balanced,0.104,5.8,4.78,0.087
122.9,138.3,283.1,2.5,31.7,14.0,Balanced,0.113,14.76,64.38,0.18
343.7,71.7,477.0,12.7,74.1,220.8,Burnout,0.641,12.71,12.3,0.529
438.3,63.8,664.6,1.6,86.9,28.8,Addiction,0.066,11.74,8.62,0.309
343.3,46.0,594.0,6.6,30.6,32.9,Balanced,0.096,5.26,7.9,0.414
600.0,61.2,499.4,11.3,22.6,185.3,Stress,0.308,2.24,6.06,0.501
44.0,43.4,194.7,2.3,24.5,88.7,Balanced,1.971,29.4,52.08,0.139
159.0,108.0,725.4,6.6,135.2,103.7,Addiction,0.648,49.16,39.27,0.466
434.2,54.2,754.9,4.8,84.2,12.9,Addiction,0.03,11.48,7.39,0.43
88.0,38.6,957.8,4.3,43.7,67.3,Balanced,0.756,27.89,24.64,0.498
125.5,130.3,169.6,3.7,120.0,13.1,Addiction,0.104,54.75,59.45,0.167
289.4,27.7,419.7,12.0,30.4,24.6,Balanced,0.085,6.17,5.63,0.488
220.5,72.4,336.7,15.0,53.8,244.6,Addiction,1.104,14.25,19.18,0.535
279.2,8.6,166.6,5.4,19.6,19.9,Balanced,0.071,4.12,1.81,0.211
231.9,17.9,414.4,8.5,116.5,99.8,Stress,0.429,29.38,4.51,0.392
244.7,49.6,204.0,6.7,28.3,22.1,Balanced,0.09,6.77,11.87,0.26
133.9,42.7,140.5,1.2,28.9,25.2,Balanced,0.187,12.39,18.31,0.088
240.1,42.7,845.0,5.2,75.3,300.0,Stress,1.244,18.36,10.41,0.477
165.9,115.6,349.1,1.0,5.0,53.5,Balanced,0.321,1.75,40.35,0.166
180.5,120.4,271.3,4.5,15.5,11.7,Balanced,0.064,4.99,38.73,0.229
341.1,83.3,1121.3,6.4,95.3,103.3,Addiction,0.302,16.47,14.4,0.619
84.8,26.3,771.0,10.7,24.1,151.5,Stress,1.766,15.93,17.38,0.594
30.6,60.8,58.6,8.0,200.0,111.0,Addiction,3.513,327.87,99.67,0.237
327.0,200.0,667.7,12.2,64.7,49.3,Addiction,0.15,11.66,36.04,0.592
240.2,200.0,665.4,3.3,9.6,50.8,Stress,0.211,2.34,48.74,0.354
438.0,131.2,400.8,15.0,158.1,35.0,Addiction,0.08,21.36,17.73,0.56
127.8,27.3,388.7,15.0,64.7,17.2,Balanced,0.134,29.01,12.24,0.555
200.8,61.3,102.9,1.0,49.0,76.9,Balanced,0.381,14.22,17.79,0.068
225.6,79.3,1500.0,1.5,64.5,47.1,Stress,0.208,16.71,20.54,0.64
144.7,70.6,413.1,6.3,9.5,13.3,Balanced,0.091,3.78,28.11,0.333
117.1,140.8,641.7,4.2,55.2,54.7,Addiction,0.463,26.9,68.63,0.369
336.5,112.0,431.5,4.8,25.7,29.0,Balanced,0.086,4.5,19.62,0.301
78.9,25.9,275.3,7.9,52.6,73.5,Balanced,0.92,37.17,18.3,0.321
104.2,39.5,890.8,12.5,38.4,67.5,Stress,0.642,20.91,21.51,0.69
196.7,130.8,556.4,3.1,62.0,41.1,Addiction,0.208,18.35,38.72,0.305
359.0,171.2,415.9,13.9,43.6,57.0,Stress,0.158,7.17,28.14,0.537
150.9,80.0,636.7,3.7,36.4,61.5,Balanced,0.405,13.92,30.59,0.353
138.8,185.6,463.3,15.0,23.2,122.3,Stress,0.875,9.61,76.91,0.585
189.6,73.4,1497.4,15.0,10.0,55.2,Stress,0.29,3.07,22.52,0.999
264.2,30.5,869.9,4.0,7.6,35.8,Balanced,0.135,1.69,6.77,0.455
171.6,105.0,713.4,2.0,16.1,45.1,Balanced,0.261,5.44,35.47,0.339
385.3,200.0,116.8,3.9,90.1,208.7,Burnout,0.54,13.82,30.67,0.151
394.6,20.5,731.2,3.5,21.9,23.0,Stress,0.058,3.28,3.07,0.386
196.7,180.9,718.3,9.8,31.4,47.9,Stress,0.242,9.29,53.55,0.549
583.2,100.8,207.4,1.0,31.6,47.2,Burnout,0.081,3.22,10.26,0.11
222.5,37.4,114.0,1.5,38.9,49.1,Balanced,0.22,10.21,9.82,0.086
387.1,8.9,845.2,9.6,79.2,16.5,Stress,0.043,12.09,1.36,0.594
259.9,5.0,919.8,3.4,43.3,44.8,Balanced,0.172,9.77,1.13,0.459
257.0,42.6,296.5,4.5,102.5,34.0,Balanced,0.132,23.38,9.72,0.239
65.8,89.3,285.2,11.3,16.3,73.3,Balanced,1.097,13.62,74.62,0.415
98.1,124.3,549.3,12.9,95.0,136.2,Addiction,1.374,54.76,71.64,0.564
177.3,144.6,348.2,14.8,145.6,78.2,Addiction,0.439,47.66,47.33,0.534
392.9,83.6,111.3,10.6,54.7,63.5,Addiction,0.161,8.23,12.57,0.327
262.1,74.3,205.2,5.6,20.4,84.7,Balanced,0.322,4.57,16.63,0.231
178.3,50.9,624.7,5.2,80.4,68.7,Balanced,0.383,26.17,16.57,0.389
304.9,90.9,216.1,4.8,55.4,56.6,Balanced,0.185,10.69,17.54,0.214
384.7,37.9,952.0,2.3,70.3,118.7,Stress,0.308,10.8,5.82,0.442
214.2,21.7,710.0,3.0,104.6,43.7,Balanced,0.203,28.5,5.91,0.364
243.8,70.8,643.1,13.5,40.6,16.2,Balanced,0.066,9.75,17.01,0.617
225.5,117.7,540.7,3.7,35.3,32.9,Balanced,0.145,9.15,30.51,0.315
206.0,17.2,264.6,2.3,200.0,28.7,Balanced,0.139,56.6,4.87,0.167
126.8,42.6,780.4,14.3,81.1,251.0,Addiction,1.964,36.64,19.25,0.693
120.3,68.8,258.0,7.6,117.6,142.4,Stress,1.174,55.87,32.68,0.306
303.8,67.7,988.7,15.0,100.3,64.2,Stress,0.211,19.43,13.11,0.795
388.8,98.9,1344.1,15.0,118.7,29.5,Addiction,0.076,18.04,15.03,0.938
178.1,200.0,554.0,2.5,72.1,117.7,Addiction,0.657,23.5,65.18,0.288
175.5,5.0,1227.0,6.0,108.8,62.1,Stress,0.352,35.97,1.65,0.651
52.4,200.0,207.9,2.8,31.5,43.8,Balanced,0.82,32.36,205.48,0.158
44.6,200.0,715.7,2.8,9.7,62.5,Balanced,1.371,11.5,237.15,0.361
445.7,125.7,489.8,4.7,24.7,44.9,Addiction,0.101,3.28,16.7,0.321
132.5,78.9,855.4,10.0,49.2,83.9,Stress,0.628,21.31,34.18,0.609
600.0,38.6,63.0,10.1,44.1,14.5,Stress,0.024,4.37,3.82,0.295
148.3,124.7,820.2,9.2,55.7,83.4,Addiction,0.559,21.66,48.49,0.573
67.5,82.0,286.8,5.6,29.9,44.8,Balanced,0.654,24.41,66.94,0.264
226.6,51.8,508.5,10.4,5.6,119.8,Stress,0.526,1.44,13.36,0.481
334.2,122.4,1500.0,2.3,39.6,144.9,Addiction,0.432,6.98,21.59,0.661
313.1,137.5,732.9,7.7,14.2,169.1,Burnout,0.538,2.67,25.85,0.498
353.4,170.3,665.7,6.6,53.8,264.7,Burnout,0.747,8.98,28.43,0.442
110.0,34.9,627.1,5.3,74.7,164.8,Stress,1.485,38.64,18.05,0.392
439.7,155.7,1060.1,7.9,39.0,116.9,Burnout,0.265,5.25,20.96,0.635
454.3,52.6,875.8,2.9,19.2,17.1,Stress,0.038,2.5,6.86,0.428
465.5,79.1,632.2,9.5,57.9,2.3,Addiction,0.005,7.37,10.07,0.506
248.9,90.9,576.4,6.5,200.0,129.5,Addiction,0.518,47.08,21.4,0.404
169.5,147.1,548.4,1.6,81.1,24.4,Addiction,0.143,27.73,50.29,0.262
159.9,113.7,469.5,6.4,85.6,300.0,Addiction,1.865,30.96,41.12,0.358
67.2,51.1,166.9,4.2,35.6,10.0,Balanced,0.147,29.18,41.89,0.179
150.4,6.1,721.8,13.8,26.5,113.0,Stress,0.746,10.17,2.34,0.657
30.0,98.0,311.6,2.4,118.8,68.5,Addiction,2.21,198.0,163.33,0.189
60.2,76.6,426.6,2.5,5.0,11.6,Balanced,0.19,4.53,69.43,0.237
247.4,20.3,917.2,8.6,29.1,68.1,Stress,0.274,6.89,4.81,0.596
181.9,83.7,478.0,5.7,168.3,27.8,Addiction,0.152,53.74,26.73,0.343
241.0,68.1,449.9,5.5,51.3,53.6,Stress,0.221,12.46,16.54,0.327
319.6,169.2,555.2,15.0,11.3,54.3,Stress,0.169,2.08,31.18,0.622
267.7,200.0,384.7,10.2,76.3,28.2,Addiction,0.105,16.73,43.84,0.426
254.4,135.1,1500.0,5.0,39.2,41.2,Balanced,0.161,9.03,31.13,0.733
202.2,65.1,1500.0,1.4,8.5,25.5,Balanced,0.125,2.45,18.76,0.637
129.3,73.0,1500.0,4.8,65.9,6.4,Balanced,0.049,29.22,32.37,0.728
88.6,33.8,628.6,2.2,58.7,63.3,Balanced,0.706,37.23,21.44,0.31
153.0,39.9,295.2,3.0,56.1,164.2,Stress,1.066,21.17,15.06,0.198
204.2,62.1,934.3,3.1,80.3,27.1,Balanced,0.132,22.92,17.73,0.456
220.1,57.1,387.1,13.0,17.9,228.5,Stress,1.033,4.75,15.15,0.502
353.9,19.1,991.3,1.8,71.0,263.8,Stress,0.743,11.84,3.18,0.445
193.1,170.4,283.6,12.2,62.0,37.9,Addiction,0.195,18.68,51.35,0.439
293.3,186.7,661.8,8.9,117.1,47.1,Addiction,0.16,23.47,37.43,0.502
74.6,166.7,1088.1,8.8,28.7,38.7,Stress,0.512,21.36,124.09,0.67
249.4,191.0,404.5,2.9,131.6,17.4,Addiction,0.069,30.92,44.87,0.239
239.1,200.0,403.4,11.1,99.1,47.3,Addiction,0.197,24.26,48.96,0.457
439.8,34.4,126.6,2.6,49.7,42.5,Balanced,0.096,6.69,4.63,0.12
182.0,200.0,291.1,15.0,56.0,62.4,Addiction,0.341,17.87,63.83,0.516
177.2,50.9,619.7,13.2,5.0,65.4,Stress,0.367,1.64,16.67,0.6
320.9,108.9,689.3,15.0,54.8,15.9,Balanced,0.049,10.06,19.99,0.676
93.6,14.4,762.5,6.6,94.3,95.5,Stress,1.01,56.81,8.67,0.481
245.6,45.5,80.8,5.7,43.6,46.8,Balanced,0.19,10.4,10.85,0.184
90.2,137.8,388.6,4.7,116.9,19.8,Addiction,0.217,72.91,85.95,0.281
550.7,112.6,142.6,15.0,77.3,45.8,Burnout,0.083,8.33,12.14,0.457
162.6,50.0,597.2,9.9,200.0,67.6,Addiction,0.413,71.17,17.79,0.503
85.9,73.0,103.0,2.2,30.6,187.8,Stress,2.161,19.98,47.66,0.1
152.3,41.5,186.5,15.0,87.9,165.7,Addiction,1.081,33.32,15.73,0.475
246.5,137.5,865.5,5.6,14.7,34.8,Balanced,0.141,3.49,32.67,0.496
288.0,178.1,320.1,1.0,47.0,49.8,Balanced,0.172,9.59,36.35,0.155
426.9,34.5,1234.0,3.5,80.7,24.7,Addiction,0.058,11.19,4.78,0.587
140.5,67.4,776.6,13.2,91.9,77.3,Stress,0.546,37.64,27.6,0.663
329.3,18.2,406.3,8.9,40.9,36.8,Balanced,0.111,7.32,3.26,0.4
60.2,81.8,961.3,10.2,125.8,48.3,Addiction,0.789,114.02,74.14,0.657
104.7,100.8,434.1,15.0,144.9,133.1,Addiction,1.259,78.54,54.63,0.574
76.2,86.9,831.5,1.2,30.9,15.8,Balanced,0.205,22.55,63.43,0.365
124.4,95.1,279.0,3.5,48.2,165.9,Addiction,1.323,22.18,43.76,0.205
320.8,61.8,999.8,6.7,44.2,83.8,Stress,0.26,8.12,11.35,0.579
142.8,63.0,113.9,13.5,35.6,160.1,Stress,1.113,14.35,25.4,0.406
160.8,60.7,186.2,2.6,138.8,107.8,Addiction,0.666,49.93,21.83,0.144
250.4,44.3,217.5,5.0,137.7,123.9,Addiction,0.493,32.22,10.37,0.22
281.0,49.2,304.7,6.4,45.4,59.7,Balanced,0.212,9.49,10.29,0.293
163.9,97.5,635.9,3.4,87.6,19.2,Addiction,0.116,30.94,34.43,0.345
104.2,170.5,497.8,6.4,116.0,32.3,Addiction,0.307,63.16,92.83,0.37
500.6,29.1,838.2,5.7,66.6,26.3,Stress,0.052,7.89,3.45,0.487
164.6,62.8,1098.4,4.2,42.6,4.3,Balanced,0.026,14.98,22.09,0.551
175.3,23.5,100.8,11.1,29.0,132.9,Stress,0.754,9.6,7.78,0.336
189.5,45.0,1188.6,9.7,93.7,53.8,Stress,0.282,28.76,13.81,0.734
298.4,51.7,426.6,11.4,16.0,24.1,Balanced,0.08,3.15,10.19,0.475
71.6,77.5,1500.0,12.1,43.6,256.4,Stress,3.532,33.71,59.92,0.923
600.0,75.9,268.4,1.6,37.6,300.0,Stress,0.499,3.72,7.51,0.15
172.2,66.9,70.6,1.8,15.0,13.5,Balanced,0.078,5.05,22.53,0.076
304.2,91.8,782.8,10.4,51.3,47.3,Stress,0.155,9.92,17.76,0.59
86.7,31.8,748.8,4.5,47.4,44.4,Balanced,0.506,30.68,20.58,0.42
235.5,78.0,190.9,4.0,23.7,22.0,Balanced,0.093,5.89,19.38,0.183
557.2,114.9,209.4,3.5,135.2,130.5,Burnout,0.234,14.4,12.24,0.177
513.8,31.5,882.1,11.7,94.1,4.4,Addiction,0.009,10.86,3.64,0.665
299.6,11.4,658.2,15.0,56.8,209.4,Stress,0.697,11.15,2.24,0.663
118.8,136.8,393.5,12.1,104.6,61.9,Addiction,0.517,50.29,65.77,0.48
414.2,24.2,706.8,4.3,122.3,240.9,Burnout,0.58,17.46,3.46,0.397
59.8,43.2,611.7,11.3,139.4,57.4,Stress,0.944,127.11,39.39,0.546
115.8,112.6,230.4,1.7,30.4,44.3,Balanced,0.379,14.98,55.47,0.137
202.9,30.0,928.0,5.4,104.5,138.7,Stress,0.68,30.01,8.62,0.515
64.2,130.3,807.3,1.2,47.5,239.7,Stress,3.676,40.6,111.37,0.355
152.1,37.9,506.4,4.5,64.9,211.5,Stress,1.381,24.63,14.38,0.323
333.2,33.8,882.5,7.3,31.8,8.0,Balanced,0.024,5.63,5.98,0.548
133.0,23.6,1500.0,15.0,54.7,171.5,Stress,1.28,23.61,10.19,1.0
342.2,38.2,207.1,14.2,105.6,42.2,Balanced,0.123,18.2,6.58,0.462
600.0,102.1,407.8,1.2,163.9,52.1,Burnout,0.087,16.23,10.11,0.195
268.1,43.2,423.9,1.4,50.5,41.3,Balanced,0.153,11.05,9.46,0.207
338.8,137.1,869.1,3.4,24.4,32.2,Balanced,0.095,4.25,23.86,0.438
422.2,69.0,301.6,15.0,180.5,47.8,Burnout,0.113,25.29,9.67,0.521
161.4,73.7,835.7,1.3,29.4,21.1,Balanced,0.13,10.54,26.42,0.369
334.2,32.9,332.3,3.6,10.0,172.3,Stress,0.514,1.76,5.8,0.229
158.8,151.2,185.4,3.6,34.1,106.6,Stress,0.667,12.42,55.05,0.17
257.1,115.6,529.3,8.6,118.2,72.6,Addiction,0.281,26.96,26.36,0.441
363.4,113.3,326.3,11.5,27.6,41.3,Stress,0.113,4.48,18.4,0.437
122.5,59.1,569.2,9.8,18.8,34.5,Balanced,0.279,8.78,27.6,0.489
31.1,20.7,672.6,7.8,60.3,86.7,Balanced,2.701,97.52,33.48,0.477
114.7,76.7,109.1,1.6,164.0,74.7,Addiction,0.646,81.52,38.13,0.086
394.3,99.0,358.3,6.9,78.4,146.4,Burnout,0.37,11.75,14.84,0.327
105.0,99.7,529.6,15.0,15.7,35.1,Balanced,0.331,8.49,53.89,0.612
381.8,90.3,885.1,15.0,200.0,31.8,Addiction,0.083,30.94,13.97,0.754
115.1,87.6,811.5,8.4,71.6,103.0,Stress,0.887,35.47,43.4,0.549
185.7,37.7,248.3,1.2,110.0,121.3,Stress,0.65,34.43,11.8,0.131
211.6,39.4,440.4,8.5,12.3,300.0,Stress,1.411,3.39,10.86,0.403
104.7,23.8,697.8,5.7,198.7,7.5,Balanced,0.071,107.7,12.9,0.431
187.0,138.2,416.9,1.5,40.2,179.6,Addiction,0.955,12.5,42.96,0.207
67.3,200.0,270.0,2.5,11.2,67.4,Balanced,0.987,9.17,163.71,0.175
170.7,200.0,483.4,2.9,66.0,37.1,Addiction,0.216,22.41,67.91,0.271
201.0,80.7,651.5,10.4,109.9,87.7,Addiction,0.434,31.86,23.39,0.538
32.6,87.8,227.5,15.0,87.2,85.1,Addiction,2.533,135.54,136.48,0.491
114.1,61.0,752.2,9.3,86.1,38.2,Balanced,0.332,43.01,30.47,0.549
252.4,79.8,553.1,10.7,81.7,8.3,Balanced,0.033,18.97,18.53,0.507
96.4,29.9,771.5,6.0,61.5,180.1,Stress,1.849,36.04,17.52,0.469
277.3,60.0,475.2,4.0,12.3,29.0,Balanced,0.104,2.61,12.71,0.297
293.3,34.1,1500.0,9.5,47.0,24.4,Stress,0.083,9.42,6.84,0.853
251.8,54.0,642.4,7.8,41.8,32.0,Balanced,0.127,9.73,12.57,0.465
331.9,36.7,833.2,3.2,139.8,116.5,Addiction,0.35,24.82,6.52,0.419
64.0,99.1,750.0,7.5,118.3,42.9,Addiction,0.66,101.4,84.94,0.5
372.8,108.1,436.0,6.3,37.3,32.6,Balanced,0.087,5.91,17.12,0.342
105.8,85.8,601.6,4.9,97.9,82.8,Addiction,0.775,52.54,46.05,0.371
226.5,39.5,307.6,3.9,52.6,73.2,Balanced,0.322,13.57,10.19,0.227
544.9,22.2,1430.2,8.4,10.1,33.4,Stress,0.061,1.1,2.42,0.796
168.4,108.9,694.1,4.1,5.0,8.1,Balanced,0.048,1.72,37.47,0.387
214.8,68.7,256.3,15.0,89.7,114.5,Stress,0.531,24.38,18.67,0.503
106.3,10.8,1220.0,9.1,21.2,74.4,Stress,0.693,11.33,5.77,0.731
541.9,76.2,453.4,8.5,21.1,4.7,Stress,0.009,2.31,8.34,0.408
114.2,88.3,915.2,5.5,30.1,200.1,Stress,1.737,15.02,44.08,0.513
308.3,15.4,106.0,4.6,91.1,4.4,Balanced,0.014,17.39,2.94,0.165
421.8,100.3,1074.4,1.0,119.4,26.6,Addiction,0.063,16.75,14.07,0.456
325.3,18.0,673.9,3.3,117.7,28.4,Balanced,0.087,21.32,3.26,0.358
261.0,35.9,238.8,1.2,8.7,33.9,Balanced,0.129,1.96,8.07,0.128
224.4,18.2,665.6,1.2,29.0,32.7,Balanced,0.145,7.55,4.74,0.298
86.0,32.6,1336.6,2.1,24.8,15.1,Balanced,0.174,16.17,21.26,0.591
528.3,22.4,315.2,14.6,91.1,68.3,Burnout,0.129,10.23,2.52,0.515
248.4,137.6,311.7,14.5,29.4,130.1,Addiction,0.522,6.93,32.45,0.511
214.9,56.6,430.9,3.4,49.6,67.5,Balanced,0.313,13.47,15.37,0.263
100.0,47.3,525.9,1.6,97.1,77.9,Balanced,0.771,54.96,26.77,0.253
221.3,146.6,956.4,4.4,57.5,43.9,Addiction,0.197,15.18,38.7,0.5
206.7,141.5,700.7,10.4,71.4,65.2,Addiction,0.314,20.14,39.92,0.558
544.9,50.5,430.6,12.6,48.1,83.0,Stress,0.152,5.24,5.5,0.508
214.8,84.6,620.4,7.4,110.9,106.6,Addiction,0.494,30.14,22.99,0.445
219.2,42.2,1481.5,8.4,118.8,30.1,Stress,0.137,31.65,11.24,0.817
100.9,63.5,787.3,7.8,81.6,26.2,Balanced,0.257,45.8,35.64,0.523
130.0,26.5,466.7,1.3,119.1,2.4,Balanced,0.018,52.54,11.69,0.221
287.3,93.8,420.9,1.8,200.0,244.7,Burnout,0.849,40.91,19.19,0.216
54.7,150.6,594.2,15.0,95.9,233.3,Addiction,4.189,94.79,148.86,0.638
371.6,132.9,948.4,7.3,54.0,55.7,Addiction,0.149,8.58,21.12,0.574
377.4,71.2,279.4,1.0,72.7,58.6,Addiction,0.155,11.38,11.14,0.138
120.9,9.6,862.0,8.7,127.6,189.4,Addiction,1.554,60.33,4.54,0.577
261.6,40.5,459.6,2.8,39.8,15.7,Balanced,0.06,8.92,9.08,0.259
429.6,63.5,512.3,13.3,37.1,23.3,Stress,0.054,5.11,8.75,0.56
196.5,19.6,1500.0,12.3,71.7,198.3,Stress,1.004,21.24,5.81,0.928
174.3,16.3,803.0,10.0,53.2,43.4,Balanced,0.248,17.7,5.42,0.588
188.0,179.0,334.7,7.3,24.6,19.8,Balanced,0.105,7.61,55.36,0.329
248.1,122.4,672.6,15.0,63.6,87.1,Addiction,0.35,15.02,28.9,0.669
141.4,99.0,980.7,15.0,146.0,30.3,Addiction,0.213,59.43,40.3,0.792
165.0,112.7,809.1,2.9,79.6,173.2,Addiction,1.043,27.93,39.54,0.401
251.1,23.1,56.9,9.9,20.1,64.8,Stress,0.257,4.69,5.39,0.287
156.4,31.6,496.7,3.9,89.1,31.6,Balanced,0.201,32.92,11.67,0.303
94.7,80.9,693.5,2.5,44.9,33.4,Balanced,0.349,26.75,48.2,0.344
50.8,85.6,654.6,15.0,200.0,83.6,Addiction,1.614,211.27,90.42,0.662
217.4,18.4,356.9,11.0,84.1,48.7,Balanced,0.223,22.59,4.94,0.436
414.5,76.7,818.7,7.7,33.9,42.8,Stress,0.103,4.84,10.94,0.533
269.4,64.4,1077.5,3.1,94.0,109.9,Addiction,0.406,20.48,14.03,0.514
97.3,130.0,112.9,15.0,67.1,191.3,Addiction,1.946,38.97,75.51,0.445
129.3,85.9,102.0,2.8,136.5,97.9,Addiction,0.751,60.53,38.09,0.115
173.5,192.7,668.4,2.2,37.0,27.8,Balanced,0.159,12.37,64.41,0.326
554.6,50.7,865.4,6.3,83.9,18.5,Addiction,0.033,8.98,5.43,0.514
571.5,24.7,316.3,10.4,12.3,104.8,Stress,0.183,1.28,2.57,0.404
534.2,189.4,61.2,4.8,61.5,97.7,Burnout,0.183,6.83,21.04,0.152
230.9,89.2,502.9,7.2,19.6,39.9,Balanced,0.172,4.96,22.59,0.393
600.0,64.7,661.6,3.9,65.5,49.6,Burnout,0.083,6.49,6.41,0.369
133.6,32.7,404.4,4.3,76.7,29.6,Balanced,0.22,32.97,14.05,0.276
169.5,51.2,997.2,15.0,81.6,19.0,Stress,0.111,27.9,17.5,0.799
355.4,49.0,633.4,5.9,36.9,32.2,Balanced,0.09,6.13,8.14,0.411
251.8,23.6,289.0,15.0,63.0,1.3,Balanced,0.005,14.66,5.49,0.516
260.4,6.3,314.3,1.1,125.1,149.1,Addiction,0.57,28.18,1.42,0.155
109.0,48.1,511.0,13.5,176.1,12.6,Addiction,0.115,91.88,25.1,0.564
205.8,114.8,383.4,3.3,64.6,56.8,Balanced,0.275,18.3,32.52,0.241
135.0,159.3,95.1,11.2,127.4,3.2,Addiction,0.024,54.21,67.79,0.337
81.6,133.5,595.1,3.2,26.6,95.0,Balanced,1.15,18.22,91.44,0.323
145.7,138.9,321.1,4.5,42.0,119.5,Stress,0.815,16.61,54.94,0.248
251.9,26.4,366.9,2.4,70.1,61.5,Balanced,0.243,16.31,6.14,0.211
322.6,82.0,205.4,11.4,53.5,53.7,Stress,0.166,9.77,14.97,0.386
49.3,99.6,1359.5,12.7,49.1,29.4,Stress,0.584,53.27,108.07,0.882
211.7,104.1,770.6,3.3,118.4,146.3,Addiction,0.688,32.63,28.69,0.396
200.1,63.6,1500.0,1.5,22.8,9.3,Balanced,0.046,6.64,18.52,0.64
244.2,74.8,402.9,15.0,25.0,37.4,Balanced,0.153,6.0,17.94,0.561
98.6,130.8,801.1,3.7,16.6,25.9,Balanced,0.26,9.52,75.03,0.419
100.0,97.0,602.6,5.6,71.7,24.9,Balanced,0.247,40.58,54.91,0.39
420.8,110.0,298.5,2.8,44.8,143.3,Burnout,0.34,6.3,15.46,0.194
122.0,46.3,399.7,10.6,110.5,50.7,Balanced,0.412,51.8,21.7,0.443
164.3,106.0,769.6,10.8,67.2,29.2,Stress,0.177,23.68,37.35,0.596
175.1,74.1,205.2,15.0,36.2,76.5,Balanced,0.434,11.99,24.55,0.482
136.6,121.9,1003.8,13.8,31.6,71.1,Stress,0.517,13.3,51.29,0.77
282.2,37.7,567.4,13.1,50.9,117.8,Stress,0.416,10.6,7.85,0.576
268.4,115.1,916.7,6.1,19.9,83.7,Stress,0.311,4.35,25.17,0.529
194.6,51.8,663.4,5.5,120.3,52.9,Addiction,0.27,35.98,15.49,0.412
141.9,115.5,113.8,10.5,43.0,56.4,Balanced,0.395,17.44,46.86,0.326
185.2,82.4,496.9,5.8,13.7,80.6,Balanced,0.433,4.3,25.86,0.353
222.6,70.0,1018.4,14.1,137.1,21.7,Addiction,0.097,35.98,18.37,0.783
129.4,54.1,561.3,2.7,51.5,69.8,Balanced,0.535,22.82,23.97,0.297
294.5,64.9,506.5,1.1,88.7,188.1,Burnout,0.637,17.71,12.96,0.232
370.1,48.2,560.9,9.6,36.6,61.6,Stress,0.166,5.84,7.69,0.48
461.4,53.2,87.0,4.1,140.3,40.9,Addiction,0.088,18.01,6.83,0.144
445.6,95.2,1089.0,2.3,27.9,40.4,Addiction,0.09,3.71,12.65,0.497
174.4,13.0,50.0,15.0,44.8,77.8,Balanced,0.444,14.9,4.32,0.42
229.3,114.4,1240.9,6.5,9.4,66.5,Stress,0.289,2.4,29.17,0.67
192.4,115.8,380.8,1.8,138.0,98.8,Addiction,0.511,41.73,35.02,0.2
191.9,55.4,696.4,3.7,32.8,31.2,Balanced,0.162,9.94,16.8,0.377
184.4,76.3,78.7,5.1,73.0,48.1,Balanced,0.259,23.0,24.04,0.167
214.1,29.6,859.0,9.5,80.7,112.4,Stress,0.523,22.0,8.07,0.597
404.7,90.8,761.8,3.7,122.9,119.6,Burnout,0.295,17.95,13.27,0.403
256.4,33.1,730.0,5.7,68.9,120.4,Stress,0.468,15.75,7.57,0.444
95.5,5.0,74.6,7.9,54.0,103.1,Balanced,1.068,31.92,2.96,0.241
361.3,155.2,265.7,9.1,114.3,106.0,Burnout,0.293,18.67,25.35,0.349
242.2,26.7,665.9,6.0,79.8,69.7,Stress,0.287,19.29,6.45,0.426
284.1,63.8,1069.4,15.0,47.6,12.0,Stress,0.042,9.84,13.2,0.828
253.4,78.4,232.5,10.7,142.2,13.5,Addiction,0.053,32.89,18.13,0.378
260.3,95.0,238.3,10.3,84.3,60.5,Addiction,0.232,18.99,21.4,0.37
267.4,68.2,635.3,10.0,18.2,62.9,Stress,0.234,3.99,14.97,0.521
58.1,83.6,1500.0,14.2,159.9,24.3,Addiction,0.411,149.67,78.25,0.979
282.0,54.3,303.0,7.5,35.8,26.0,Balanced,0.092,7.46,11.31,0.321
133.2,15.8,377.2,2.6,122.5,52.6,Balanced,0.392,52.8,6.81,0.22
156.1,66.2,334.1,8.8,14.0,271.6,Stress,1.729,5.18,24.5,0.368
213.1,104.4,460.4,9.6,113.8,19.7,Addiction,0.092,31.16,28.59,0.44
501.9,28.2,1126.1,15.0,19.4,38.9,Stress,0.077,2.29,3.33,0.85
107.4,79.0,479.2,2.4,67.6,117.7,Balanced,1.086,35.77,41.8,0.256
208.7,200.0,1500.0,3.0,82.6,101.2,Addiction,0.483,23.08,55.89,0.68
181.6,62.9,546.6,6.7,48.5,74.4,Balanced,0.407,15.51,20.12,0.397
358.3,65.5,1198.6,10.2,59.1,6.0,Stress,0.017,9.73,10.79,0.751
178.5,14.4,399.8,2.0,23.6,45.6,Balanced,0.254,7.67,4.68,0.213
243.8,25.2,167.4,2.4,105.6,219.3,Burnout,0.896,25.36,6.05,0.131
107.6,33.4,478.6,12.0,70.3,25.1,Balanced,0.231,37.13,17.64,0.511
392.6,101.6,737.6,2.1,27.8,24.1,Stress,0.061,4.18,15.29,0.351
76.6,30.0,267.7,3.0,72.3,181.8,Stress,2.343,52.52,21.79,0.187
279.8,89.5,1075.6,12.5,74.0,52.5,Stress,0.187,15.54,18.79,0.764
244.7,36.2,347.4,10.1,61.3,6.7,Balanced,0.027,14.67,8.66,0.408
266.1,15.0,205.5,3.8,5.0,16.9,Balanced,0.063,1.1,3.31,0.184
77.4,110.4,1500.0,9.3,43.0,32.0,Stress,0.408,30.94,79.42,0.848
176.2,49.5,255.7,8.0,104.5,71.4,Balanced,0.403,34.41,16.3,0.316
348.5,95.5,339.2,5.9,86.0,47.2,Addiction,0.135,14.56,16.16,0.293
544.1,14.5,823.6,4.7,84.1,22.9,Addiction,0.042,9.17,1.58,0.455
199.3,5.4,389.0,9.0,69.9,47.9,Balanced,0.239,20.43,1.58,0.396
330.0,73.6,212.4,2.2,113.1,25.1,Balanced,0.076,20.2,13.14,0.144
230.9,24.3,312.3,8.9,35.7,228.9,Stress,0.987,9.04,6.15,0.362
205.7,72.8,1500.0,7.5,29.4,15.8,Stress,0.076,8.33,20.63,0.8
163.6,74.0,756.1,7.9,187.2,36.4,Addiction,0.221,66.23,26.18,0.513
213.7,67.1,862.0,2.9,32.5,31.4,Balanced,0.146,8.88,18.32,0.422
313.4,138.1,613.2,15.0,17.6,31.9,Balanced,0.101,3.31,25.94,0.645
328.2,88.3,689.8,3.8,47.8,18.0,Balanced,0.055,8.58,15.85,0.377
89.3,200.0,366.0,4.3,63.0,171.3,Addiction,1.897,39.66,125.92,0.261
154.4,50.6,558.8,5.7,113.6,287.1,Addiction,1.847,42.49,18.93,0.376
103.9,20.0,67.1,10.1,43.1,79.1,Balanced,0.754,23.53,10.92,0.296
220.2,38.4,974.8,7.7,42.8,73.3,Stress,0.331,11.35,10.19,0.595
172.3,53.0,363.3,1.4,58.6,8.8,Balanced,0.051,19.72,17.84,0.183
260.9,200.0,181.7,6.4,37.2,168.1,Burnout,0.642,8.36,44.96,0.243
271.5,70.0,582.5,6.9,14.2,25.1,Balanced,0.092,3.07,15.14,0.417
36.5,141.6,435.3,15.0,19.0,7.4,Balanced,0.197,26.82,199.91,0.574
212.7,47.2,951.4,5.1,135.0,91.7,Addiction,0.429,37.04,12.95,0.517
409.1,42.6,486.7,9.5,97.2,135.0,Burnout,0.329,14.05,6.16,0.448
154.4,13.8,306.7,15.0,57.1,166.8,Stress,1.073,21.36,5.16,0.523
151.5,200.0,495.6,14.4,85.8,36.8,Addiction,0.241,32.69,76.19,0.582
369.8,174.2,1290.1,2.7,99.2,32.7,Addiction,0.088,15.84,27.81,0.588
336.8,79.6,972.9,11.1,34.0,68.3,Stress,0.202,5.95,13.93,0.685
111.3,55.6,754.7,9.0,23.4,47.3,Stress,0.421,11.97,28.44,0.542
318.2,72.1,1001.5,4.9,125.7,93.2,Addiction,0.292,23.26,13.34,0.531
128.4,19.2,795.6,11.2,5.3,68.9,Stress,0.532,2.37,8.57,0.617
150.5,95.4,239.8,2.7,86.8,22.9,Addiction,0.151,33.28,36.58,0.168
111.3,164.7,866.8,3.8,66.9,171.0,Addiction,1.523,34.22,84.25,0.448
88.8,170.3,1082.2,5.7,117.2,93.7,Addiction,1.043,74.18,107.78,0.585
228.0,14.5,1123.1,4.7,89.0,132.5,Stress,0.579,22.82,3.72,0.575
79.2,140.8,196.3,10.3,85.4,23.3,Addiction,0.291,60.14,99.15,0.353
233.5,19.3,340.0,6.3,25.6,91.4,Stress,0.39,6.41,4.84,0.304
229.2,6.0,299.7,4.3,101.9,113.1,Stress,0.491,25.99,1.53,0.235
193.9,144.4,396.7,14.2,79.2,66.6,Addiction,0.342,23.77,43.34,0.537
159.1,44.1,700.5,10.0,28.8,17.8,Balanced,0.111,10.47,16.03,0.547
139.7,130.7,571.8,1.7,67.3,61.2,Addiction,0.435,27.71,53.82,0.274
101.7,122.8,572.0,1.7,20.9,104.6,Balanced,1.019,11.64,68.41,0.274
463.3,112.1,150.2,4.4,51.0,139.7,Burnout,0.301,6.52,14.33,0.177
188.6,71.4,329.7,2.0,200.0,9.9,Addiction,0.052,61.66,22.01,0.185
184.8,21.6,1178.5,12.7,24.4,65.4,Stress,0.352,7.67,6.79,0.81
114.9,53.1,1079.1,4.0,14.0,13.2,Balanced,0.114,6.95,26.35,0.538
436.2,172.2,480.5,9.5,19.2,105.7,Burnout,0.242,2.61,23.36,0.446
145.5,133.1,868.4,11.0,50.5,128.9,Addiction,0.88,20.0,52.71,0.641
246.8,55.4,656.6,1.0,93.7,21.0,Balanced,0.085,22.24,13.15,0.289
275.0,54.9,934.2,4.2,60.0,16.8,Balanced,0.061,12.81,11.72,0.486
228.1,105.2,894.5,5.5,16.2,31.1,Balanced,0.136,4.15,26.96,0.504
77.9,75.4,510.0,8.0,92.9,48.9,Balanced,0.62,66.44,53.92,0.417
310.6,57.7,757.9,12.2,8.1,27.0,Stress,0.087,1.54,10.93,0.628
144.6,99.0,687.5,15.0,18.1,113.5,Stress,0.78,7.21,39.44,0.675
334.9,96.7,520.2,15.0,35.9,140.3,Addiction,0.418,6.32,17.02,0.608
204.7,39.3,439.8,6.2,122.7,63.0,Balanced,0.306,34.94,11.19,0.341
284.7,86.8,1500.0,6.2,61.8,27.9,Balanced,0.098,12.76,17.92,0.765
420.2,92.5,520.7,15.0,63.7,47.3,Burnout,0.112,8.97,13.02,0.608
304.0,67.3,832.1,6.5,16.5,63.0,Stress,0.207,3.19,13.03,0.506
288.7,35.7,1430.0,4.1,39.0,45.4,Stress,0.157,7.94,7.27,0.681
318.6,51.8,757.1,12.8,110.6,53.0,Stress,0.166,20.44,9.57,0.644
125.5,29.5,733.6,8.3,75.6,131.6,Stress,1.04,34.49,13.46,0.515
343.0,88.6,522.9,1.7,95.3,26.1,Addiction,0.076,16.38,15.23,0.254
179.8,14.6,696.2,5.1,56.8,243.0,Stress,1.344,18.34,4.71,0.414
183.4,184.1,411.8,2.0,111.4,64.7,Addiction,0.351,35.29,58.32,0.218
223.8,159.5,1500.0,1.0,16.4,43.1,Balanced,0.192,4.28,41.64,0.627
169.5,94.1,153.6,15.0,49.5,25.4,Balanced,0.149,16.92,32.17,0.461
108.5,127.7,461.1,7.2,84.0,27.8,Addiction,0.254,44.02,66.92,0.376
213.7,121.9,765.7,5.2,11.3,57.8,Balanced,0.269,3.09,33.29,0.445
184.0,76.2,734.1,4.3,5.0,64.3,Balanced,0.348,1.58,24.06,0.408
180.0,59.0,411.3,6.6,187.3,41.6,Addiction,0.23,60.42,19.03,0.341
200.7,53.8,103.2,4.3,62.5,13.1,Balanced,0.065,18.14,15.62,0.156
39.9,188.7,179.3,2.8,10.1,57.9,Balanced,1.416,13.2,246.67,0.146
180.8,34.6,601.2,4.5,61.3,28.3,Balanced,0.156,19.69,11.11,0.36
449.5,35.2,72.4,15.0,18.4,6.7,Stress,0.015,2.42,4.64,0.429
429.8,135.6,803.4,12.6,25.6,96.2,Burnout,0.223,3.52,18.67,0.657
218.2,126.9,1140.1,4.5,125.5,8.3,Addiction,0.038,33.59,33.96,0.576
213.8,56.3,902.9,15.0,36.7,39.9,Stress,0.186,10.02,15.37,0.761
31.1,101.4,1026.2,6.2,36.4,51.6,Stress,1.607,58.87,163.99,0.576
150.0,111.0,75.8,3.4,17.8,155.2,Stress,1.028,6.85,42.69,0.121
316.8,20.6,424.1,8.5,43.6,7.2,Balanced,0.023,8.1,3.83,0.396
167.0,166.5,223.5,15.0,65.6,104.8,Addiction,0.624,22.75,57.75,0.489
378.2,111.0,122.7,15.0,36.6,118.3,Burnout,0.312,5.72,17.33,0.449
365.4,95.3,357.7,3.5,200.0,191.9,Burnout,0.524,32.31,15.4,0.236
148.1,111.6,1407.0,2.3,22.5,136.4,Stress,0.915,8.76,43.45,0.624
228.1,87.2,1500.0,4.9,22.4,53.2,Stress,0.232,5.74,22.35,0.731
469.4,64.4,250.2,9.6,42.1,108.6,Stress,0.231,5.31,8.13,0.356
76.6,76.7,548.4,11.5,200.0,161.0,Addiction,2.075,145.28,55.71,0.526
169.3,18.7,689.3,14.6,96.4,4.7,Balanced,0.028,32.99,6.4,0.665
70.8,200.0,426.5,7.5,35.6,12.9,Balanced,0.18,27.81,156.25,0.371
119.5,63.5,1194.6,7.6,35.6,70.2,Stress,0.583,17.02,30.36,0.681
545.9,200.0,362.1,7.3,21.7,117.2,Burnout,0.214,2.36,21.74,0.34
169.3,77.7,314.7,13.4,41.1,93.4,Stress,0.548,14.07,26.59,0.483
48.5,42.2,262.1,11.6,48.4,75.7,Balanced,1.529,53.28,46.46,0.414
107.7,163.3,424.2,3.4,93.3,189.9,Addiction,1.747,49.23,86.17,0.26
65.1,92.6,50.0,10.7,79.6,41.6,Balanced,0.629,67.17,78.14,0.305
233.3,200.0,440.1,12.8,40.0,27.1,Balanced,0.116,10.03,50.15,0.517
272.7,41.3,573.4,13.5,154.5,34.2,Balanced,0.125,33.26,8.89,0.589
345.6,167.9,600.1,8.3,31.5,71.5,Stress,0.206,5.38,28.65,0.461
307.1,173.9,211.4,7.9,13.7,51.4,Stress,0.167,2.63,33.32,0.295
79.3,117.6,591.8,6.4,68.0,122.5,Balanced,1.526,47.83,82.72,0.407
264.7,174.8,582.9,6.9,119.2,28.8,Addiction,0.108,26.42,38.74,0.417
195.4,64.7,592.4,15.0,55.1,79.6,Stress,0.405,16.42,19.28,0.637
373.9,34.4,914.9,7.1,17.1,108.9,Stress,0.29,2.7,5.43,0.555
327.1,45.5,203.4,3.7,63.9,160.9,Burnout,0.49,11.51,8.2,0.18
585.6,73.8,430.5,8.4,70.1,16.1,Addiction,0.027,7.11,7.48,0.396
113.7,121.8,95.7,11.3,75.7,33.5,Addiction,0.292,37.94,61.05,0.34
102.8,36.6,857.7,13.1,64.8,48.0,Stress,0.462,35.74,20.18,0.692
155.9,53.9,233.6,2.8,130.3,10.8,Addiction,0.069,48.29,19.98,0.168
200.2,39.2,1011.9,15.0,21.2,75.2,Stress,0.374,6.17,11.41,0.805
136.8,137.1,1036.0,11.0,5.0,74.2,Stress,0.538,2.1,57.61,0.708
117.8,200.0,463.8,15.0,8.1,68.8,Stress,0.579,3.93,96.93,0.586
254.6,29.4,445.3,1.9,16.8,45.3,Stress,0.177,3.87,6.77,0.229
155.6,104.8,140.5,13.8,105.0,147.5,Addiction,0.942,38.99,38.91,0.424
133.0,149.0,535.3,2.6,43.6,34.4,Balanced,0.257,18.82,64.32,0.283
79.2,60.3,909.4,5.3,162.9,137.2,Addiction,1.711,114.72,42.46,0.505
33.7,19.8,646.6,11.3,19.7,33.6,Balanced,0.968,29.77,29.92,0.56
437.5,162.2,1290.7,2.4,160.7,15.5,Addiction,0.035,21.74,21.94,0.58
430.2,18.5,392.0,4.3,25.9,53.6,Balanced,0.124,3.56,2.54,0.271
332.8,194.9,391.6,1.9,48.3,63.1,Balanced,0.189,8.55,34.52,0.207
289.4,38.5,248.0,11.1,10.2,80.7,Stress,0.278,2.07,7.82,0.395
146.5,15.8,1500.0,3.4,146.3,2.6,Balanced,0.018,57.56,6.22,0.691
296.2,48.4,139.1,6.7,53.8,40.8,Balanced,0.137,10.68,9.61,0.234
97.7,69.4,865.1,9.0,200.0,230.2,Addiction,2.332,115.72,40.15,0.586
224.8,80.8,922.3,8.3,123.0,31.1,Addiction,0.138,31.98,21.01,0.59
125.6,111.1,895.6,7.8,47.4,118.5,Stress,0.936,21.61,50.65,0.566
296.9,86.3,266.6,7.8,29.9,300.0,Burnout,1.007,5.92,17.09,0.315
487.1,200.0,463.6,2.0,108.4,261.9,Burnout,0.537,13.19,24.34,0.239
107.4,66.9,781.2,5.6,58.3,18.6,Balanced,0.172,30.85,35.4,0.462
151.2,89.7,319.6,7.7,28.4,110.7,Stress,0.727,10.84,34.24,0.333
222.3,84.3,414.8,7.1,61.7,116.3,Stress,0.521,16.22,22.16,0.355
53.6,13.8,324.2,6.1,6.5,96.8,Balanced,1.773,6.54,13.89,0.292
67.6,24.5,562.7,3.8,76.8,15.1,Balanced,0.22,62.61,19.97,0.326
479.2,74.0,535.7,8.2,87.9,68.4,Burnout,0.142,10.87,9.15,0.433
255.3,97.7,1444.3,9.3,19.0,68.0,Stress,0.265,4.36,22.43,0.826
141.3,8.4,793.2,4.8,132.7,12.6,Balanced,0.089,54.05,3.42,0.445
208.3,200.0,173.2,13.2,113.7,43.1,Addiction,0.206,31.83,56.0,0.421
156.3,103.4,186.7,15.0,71.6,71.0,Balanced,0.451,26.47,38.23,0.475
226.3,70.9,875.7,6.8,24.2,52.2,Balanced,0.23,6.25,18.31,0.532
160.1,100.1,531.4,3.5,91.8,102.7,Addiction,0.637,33.16,36.16,0.306
198.6,46.1,1500.0,2.4,41.6,42.0,Balanced,0.21,12.2,13.52,0.664
312.0,81.5,1500.0,5.3,66.1,62.4,Stress,0.199,12.47,15.38,0.741
300.6,91.3,246.7,6.5,98.2,124.6,Addiction,0.413,19.22,17.87,0.272
464.2,163.5,653.8,2.3,14.0,210.3,Burnout,0.452,1.79,20.86,0.323
265.9,62.3,188.9,5.1,9.6,14.7,Balanced,0.055,2.12,13.75,0.212
216.4,19.0,865.5,12.7,38.2,99.5,Stress,0.458,10.31,5.13,0.685
502.7,33.6,1500.0,1.0,200.0,35.7,Addiction,0.071,23.59,3.96,0.627
186.1,58.5,589.6,7.2,200.0,81.5,Addiction,0.436,62.47,18.27,0.428
36.9,21.3,381.1,4.3,75.5,13.3,Balanced,0.351,105.59,29.79,0.267
335.1,30.4,702.3,6.6,116.0,150.0,Addiction,0.446,20.4,5.35,0.457
247.8,33.9,990.4,15.0,55.6,25.2,Stress,0.101,13.14,8.01,0.796
210.3,55.4,995.0,6.4,61.7,126.4,Stress,0.598,17.12,15.37,0.569
340.1,102.5,384.5,5.7,48.3,15.7,Balanced,0.046,8.37,17.77,0.306
161.0,53.3,313.0,10.6,126.0,10.0,Addiction,0.062,45.27,19.15,0.408
38.6,107.5,628.8,8.3,164.2,46.4,Addiction,1.172,220.9,144.62,0.473
343.9,70.9,405.2,7.2,60.6,68.9,Stress,0.2,10.39,12.16,0.354
138.1,31.4,1194.9,8.5,61.5,279.4,Stress,2.009,25.61,13.07,0.705
110.4,92.4,401.3,15.0,50.3,67.5,Stress,0.606,25.93,47.63,0.561
40.5,82.2,558.7,12.1,167.0,18.5,Addiction,0.446,215.48,106.06,0.546
327.7,109.5,689.9,5.4,105.9,110.5,Addiction,0.336,19.04,19.69,0.42
30.0,125.7,144.3,15.0,23.6,169.6,Stress,5.471,39.33,209.5,0.458
418.3,167.0,335.2,4.5,197.5,23.6,Addiction,0.056,27.93,23.62,0.254
171.1,104.9,1500.0,7.2,5.0,122.8,Stress,0.714,1.69,35.54,0.792
336.6,80.3,962.2,7.8,155.8,153.5,Burnout,0.455,27.29,14.06,0.593
270.6,109.8,397.1,5.2,119.0,112.7,Addiction,0.415,25.81,23.82,0.298
554.4,49.1,868.0,15.0,60.8,29.5,Addiction,0.053,6.51,5.26,0.747
266.3,46.2,1181.7,5.0,59.6,69.6,Stress,0.26,13.13,10.18,0.606
409.7,182.5,447.1,6.0,52.4,81.4,Addiction,0.198,7.56,26.34,0.339
148.1,45.1,931.1,13.4,24.7,146.6,Stress,0.983,9.62,17.56,0.73
67.4,34.7,842.7,4.6,187.0,31.6,Balanced,0.462,152.86,28.37,0.46
366.3,104.9,191.9,2.2,58.2,125.2,Burnout,0.341,9.38,16.91,0.135
65.8,49.5,449.0,7.3,24.3,50.5,Balanced,0.756,20.31,41.36,0.374
325.7,124.8,1469.5,2.8,179.4,40.8,Addiction,0.125,32.45,22.57,0.662
101.5,158.8,1500.0,2.5,81.9,60.3,Addiction,0.588,45.71,88.63,0.667
250.6,39.1,967.5,1.0,85.6,1.8,Balanced,0.007,20.02,9.14,0.414
560.1,114.0,326.0,1.0,200.0,3.4,Addiction,0.006,21.2,12.08,0.157
311.3,44.2,51.2,1.0,94.3,5.4,Balanced,0.017,17.83,8.36,0.047
186.6,59.5,290.4,15.0,34.2,84.5,Balanced,0.45,10.65,18.54,0.516
274.2,89.3,168.1,1.0,94.2,45.5,Addiction,0.165,20.17,19.12,0.094
151.7,46.3,1500.0,2.8,26.9,29.6,Balanced,0.194,10.23,17.62,0.675
600.0,83.6,93.2,6.1,40.1,55.6,Burnout,0.093,3.97,8.28,0.2
131.3,63.4,196.9,10.3,73.7,127.5,Stress,0.964,32.21,27.71,0.353
199.4,126.7,619.4,11.0,114.7,53.2,Addiction,0.265,33.51,37.01,0.541
295.5,127.0,528.6,3.5,35.9,17.9,Balanced,0.06,7.14,25.27,0.305
262.8,46.5,1422.0,7.1,51.2,300.0,Burnout,1.137,11.43,10.38,0.758
280.2,90.8,806.9,6.0,50.8,58.2,Stress,0.207,10.65,19.04,0.483
153.7,140.3,474.6,6.8,128.9,154.5,Addiction,0.999,48.43,52.71,0.371
181.8,30.0,1209.5,7.5,59.5,113.6,Stress,0.621,19.01,9.58,0.684
356.8,63.1,388.2,9.0,195.7,38.2,Addiction,0.107,32.36,10.44,0.395
346.9,88.0,1498.6,4.2,40.0,208.0,Burnout,0.598,6.8,14.96,0.711
266.5,28.8,257.7,5.0,37.3,32.2,Balanced,0.12,8.21,6.34,0.236
438.2,51.1,514.2,15.0,153.9,83.3,Burnout,0.19,20.79,6.9,0.606
364.9,200.0,62.0,4.4,88.8,74.1,Addiction,0.203,14.37,32.35,0.142
341.0,44.9,1001.9,7.2,150.0,80.2,Stress,0.235,25.94,7.76,0.593
64.8,49.1,594.1,6.0,18.3,182.2,Stress,2.769,15.51,41.61,0.398
264.6,104.1,1500.0,7.0,58.4,59.6,Stress,0.224,12.95,23.08,0.787
237.3,25.7,436.4,13.6,73.6,70.2,Stress,0.295,18.15,6.34,0.537
469.6,64.1,142.1,5.7,69.8,73.3,Burnout,0.156,8.81,8.09,0.209
30.0,35.0,735.8,2.4,51.9,270.8,Stress,8.735,86.5,58.33,0.358
192.5,83.5,343.5,4.1,68.7,145.6,Stress,0.752,20.77,25.24,0.247
225.9,5.0,905.8,5.8,71.5,9.3,Balanced,0.041,18.5,1.29,0.517
100.5,75.2,262.5,7.6,36.4,33.5,Balanced,0.33,20.51,42.37,0.308
114.7,89.7,1327.9,3.5,125.3,63.4,Addiction,0.548,62.29,44.59,0.624
470.4,52.1,558.4,3.8,180.9,179.3,Burnout,0.38,22.78,6.56,0.325
279.6,54.8,476.0,7.8,100.1,192.8,Burnout,0.687,21.03,11.51,0.398
560.8,47.1,1269.6,8.0,80.0,56.4,Burnout,0.1,8.47,4.99,0.721
190.4,63.5,1012.0,12.3,55.6,32.4,Stress,0.169,16.99,19.4,0.733
77.1,184.1,294.8,4.1,73.2,49.4,Addiction,0.633,52.85,132.92,0.227
173.7,129.4,992.2,9.6,78.8,65.5,Addiction,0.375,26.31,43.21,0.653
155.3,63.4,856.5,6.0,24.8,46.2,Balanced,0.296,9.23,23.58,0.503
317.6,51.1,496.8,4.6,121.0,157.6,Burnout,0.495,22.44,9.47,0.321
310.3,121.2,938.2,6.2,42.4,42.0,Balanced,0.135,8.04,22.99,0.541
287.6,79.6,1324.0,6.8,159.5,24.0,Addiction,0.083,32.6,16.27,0.711
600.0,28.1,508.0,2.2,67.0,48.4,Stress,0.081,6.63,2.78,0.262
424.1,57.9,509.3,2.4,122.5,77.4,Burnout,0.182,17.09,8.08,0.268
120.2,171.2,488.5,10.5,99.0,159.9,Addiction,1.319,47.07,81.39,0.475
371.6,101.2,284.7,4.9,18.5,21.9,Balanced,0.059,2.94,16.08,0.245
217.0,51.5,504.0,7.7,149.9,77.8,Addiction,0.357,40.33,13.86,0.407
187.1,17.7,462.3,10.3,31.2,79.9,Stress,0.425,9.69,5.5,0.46
453.7,83.2,441.8,6.2,40.0,93.0,Burnout,0.205,5.22,10.86,0.342
115.0,71.2,436.6,9.7,43.0,41.9,Balanced,0.361,21.32,35.31,0.433
357.7,61.9,196.4,6.9,12.2,91.7,Stress,0.256,2.01,10.21,0.263
326.3,122.2,1081.5,7.1,69.4,111.2,Addiction,0.34,12.53,22.06,0.622
113.5,102.1,334.8,14.3,127.9,41.5,Addiction,0.362,64.22,51.26,0.515
63.1,18.3,1373.5,5.7,156.8,70.1,Stress,1.094,136.15,15.89,0.701
202.6,71.5,237.0,10.6,51.9,51.2,Balanced,0.251,14.93,20.57,0.377
30.0,23.2,1500.0,1.8,59.1,27.7,Balanced,0.894,98.5,38.67,0.648
395.8,47.7,403.3,7.5,103.9,13.8,Stress,0.035,15.52,7.12,0.361
264.0,21.6,1000.4,15.0,53.0,32.2,Stress,0.122,11.78,4.8,0.8
461.9,22.3,589.9,15.0,135.9,34.6,Addiction,0.075,17.43,2.86,0.636
253.5,90.6,171.8,1.9,56.9,13.5,Balanced,0.053,13.16,20.95,0.119
479.1,84.3,180.7,4.9,27.5,86.7,Burnout,0.181,3.4,10.43,0.203
144.8,67.6,312.1,2.9,70.7,117.7,Stress,0.807,28.13,26.9,0.202
287.1,44.4,385.4,5.9,14.9,49.9,Balanced,0.173,3.05,9.09,0.311
165.8,20.0,520.2,11.8,70.0,57.0,Stress,0.342,24.45,6.98,0.523
198.8,47.9,685.1,14.7,80.2,37.0,Balanced,0.185,23.5,14.03,0.666
225.4,84.6,469.9,15.0,31.4,54.1,Stress,0.239,8.14,21.94,0.588
263.5,83.2,659.0,1.8,77.9,92.3,Addiction,0.349,17.34,18.52,0.312
132.0,168.9,738.1,6.7,48.0,78.0,Balanced,0.586,20.87,73.43,0.474
279.2,153.0,454.0,4.0,30.2,53.8,Stress,0.192,6.35,32.19,0.288
218.6,69.6,846.8,5.6,12.8,34.6,Balanced,0.158,3.42,18.59,0.488
80.4,47.5,980.6,4.5,16.7,109.9,Stress,1.35,11.6,32.99,0.512
55.7,35.8,751.5,1.9,170.5,38.3,Balanced,0.675,165.8,34.81,0.351
396.6,17.1,781.9,14.8,46.5,14.9,Stress,0.037,6.93,2.55,0.707
192.8,25.6,617.3,3.5,78.8,66.5,Balanced,0.343,23.78,7.73,0.34
74.0,84.7,1145.6,4.1,51.5,7.1,Balanced,0.095,38.62,63.52,0.568
522.8,107.1,529.3,15.0,173.4,75.3,Burnout,0.144,19.67,12.15,0.612
295.7,55.4,316.8,1.5,30.4,80.1,Balanced,0.27,6.05,11.02,0.167
259.4,200.0,541.1,8.9,63.1,31.9,Addiction,0.123,14.27,45.21,0.454
124.1,25.9,174.7,12.9,39.8,36.7,Balanced,0.293,18.36,11.94,0.414
79.5,15.4,155.1,15.0,121.6,122.7,Stress,1.524,85.33,10.81,0.462
237.5,200.0,983.8,8.5,78.2,251.9,Addiction,1.056,19.27,49.28,0.62
210.4,19.1,1388.3,10.7,61.4,59.9,Stress,0.283,17.02,5.3,0.841
101.7,54.8,413.4,12.9,19.1,32.5,Balanced,0.316,10.64,30.53,0.509
99.2,38.4,990.3,5.9,200.0,80.7,Balanced,0.805,114.07,21.9,0.553
95.6,89.2,81.0,3.1,52.7,51.9,Balanced,0.537,31.12,52.68,0.115
93.2,51.6,753.2,15.0,26.0,76.2,Stress,0.809,15.73,31.21,0.701
141.7,107.3,530.9,10.0,12.9,66.7,Balanced,0.467,5.24,43.59,0.479
259.5,123.9,1500.0,6.7,16.2,68.2,Stress,0.262,3.66,28.0,0.779
285.3,16.9,476.4,2.0,60.9,4.0,Balanced,0.014,12.54,3.48,0.244
207.7,34.8,221.6,1.0,122.9,36.6,Balanced,0.175,34.51,9.77,0.115
231.1,113.8,134.7,8.8,74.4,33.2,Balanced,0.143,18.83,28.8,0.289
293.3,141.1,540.8,1.0,13.7,32.7,Balanced,0.111,2.75,28.29,0.243
44.3,78.0,616.4,6.7,60.8,98.1,Balanced,2.166,72.52,93.04,0.425
242.0,94.0,454.4,3.7,149.0,16.6,Addiction,0.068,36.05,22.74,0.28
434.7,176.1,1005.3,4.5,45.2,4.1,Addiction,0.009,6.15,23.98,0.522
189.7,52.2,1290.3,15.0,74.6,32.0,Stress,0.168,22.87,16.0,0.916
387.6,77.4,409.8,3.7,46.8,25.6,Balanced,0.066,7.13,11.8,0.263
191.8,153.1,98.5,6.9,87.0,60.3,Addiction,0.313,26.39,46.44,0.223
304.6,159.6,661.8,3.7,29.9,25.4,Balanced,0.083,5.78,30.83,0.363
256.4,63.8,1161.0,8.2,5.0,45.1,Stress,0.175,1.14,14.59,0.683
94.5,35.7,411.3,7.4,20.2,39.2,Balanced,0.41,12.06,21.31,0.362
110.9,63.3,781.8,6.7,40.6,153.7,Stress,1.374,20.84,32.49,0.491
479.1,68.0,207.2,13.0,56.2,26.1,Addiction,0.054,6.95,8.41,0.43
342.9,34.6,650.3,1.5,42.0,93.3,Stress,0.271,7.22,5.95,0.3
199.9,39.2,791.8,1.1,41.3,53.5,Balanced,0.266,12.03,11.42,0.346
183.9,159.7,663.5,2.3,123.6,124.9,Addiction,0.676,39.05,50.46,0.327
124.7,97.1,1500.0,7.4,23.6,190.3,Stress,1.514,10.83,44.58,0.797
269.3,55.0,1377.2,9.2,61.1,52.7,Stress,0.195,13.32,11.99,0.796
132.0,27.4,882.3,1.0,14.7,7.4,Balanced,0.056,6.39,11.91,0.38
169.1,39.6,1088.7,9.1,100.1,16.8,Stress,0.099,34.3,13.57,0.678
141.3,14.1,647.0,5.0,73.0,12.3,Balanced,0.086,29.74,5.74,0.392
330.8,79.5,513.6,15.0,200.0,36.8,Addiction,0.111,35.63,14.16,0.605
194.8,37.8,377.5,8.6,22.7,31.3,Balanced,0.16,6.78,11.29,0.38
232.1,84.2,203.2,15.0,179.1,69.6,Addiction,0.299,45.13,21.22,0.481
95.8,113.0,1419.4,14.6,25.7,117.4,Stress,1.213,15.15,66.6,0.957
140.7,85.0,1500.0,5.0,44.9,6.3,Balanced,0.044,18.36,34.76,0.733
235.2,49.9,550.5,11.8,17.4,57.3,Stress,0.243,4.33,12.41,0.535
65.9,33.1,557.6,5.0,200.0,26.9,Balanced,0.402,166.9,27.62,0.356
185.9,23.8,815.0,15.0,81.4,59.1,Stress,0.316,25.45,7.44,0.726
211.6,149.5,478.0,5.4,82.0,36.9,Addiction,0.174,22.61,41.22,0.335
87.3,82.4,227.4,9.5,28.0,102.1,Balanced,1.156,18.01,52.99,0.344
377.9,52.1,169.8,15.0,5.0,18.2,Stress,0.048,0.78,8.14,0.468
261.8,102.8,1500.0,9.8,43.4,28.7,Stress,0.109,9.72,23.03,0.861
194.0,133.7,114.3,4.6,36.8,49.4,Balanced,0.253,11.04,40.11,0.168
134.0,38.4,681.6,2.1,8.7,40.8,Balanced,0.302,3.73,16.46,0.329
63.9,80.6,130.3,1.6,45.8,49.1,Balanced,0.757,39.31,69.18,0.095
361.7,81.8,496.1,9.1,61.2,8.8,Stress,0.024,9.99,13.35,0.441
159.2,171.1,408.2,6.2,85.5,169.1,Addiction,1.056,31.05,62.14,0.329
77.1,51.6,152.3,2.4,5.1,34.2,Balanced,0.438,3.68,37.26,0.125
131.5,32.1,834.8,11.0,18.5,19.7,Stress,0.149,8.07,14.01,0.627
278.1,87.1,213.3,10.9,28.9,50.5,Stress,0.181,6.1,18.39,0.376
246.0,108.8,133.1,6.1,127.4,57.7,Addiction,0.234,30.33,25.9,0.216
102.0,75.9,899.2,15.0,125.7,226.7,Addiction,2.201,69.83,42.17,0.76
398.2,178.9,409.6,1.3,78.1,132.5,Burnout,0.332,11.59,26.56,0.199
76.3,51.4,288.6,4.8,45.1,40.0,Balanced,0.517,32.88,37.47,0.243
444.5,77.3,937.4,9.8,132.9,197.6,Burnout,0.444,17.7,10.3,0.636
239.9,18.3,203.6,2.6,71.1,169.4,Stress,0.703,17.35,4.47,0.151
167.0,30.5,101.4,11.7,127.8,19.9,Balanced,0.118,44.32,10.58,0.353
182.0,38.6,1233.6,14.1,80.8,266.0,Addiction,1.454,25.79,12.32,0.869
223.8,58.3,1500.0,1.0,10.2,34.8,Balanced,0.155,2.66,15.22,0.627
290.7,21.3,486.2,15.0,5.0,63.9,Stress,0.219,1.01,4.31,0.594
55.2,101.8,481.3,9.4,41.4,150.1,Stress,2.671,40.59,99.8,0.443
128.6,35.8,974.4,4.3,109.0,6.4,Balanced,0.049,48.59,15.96,0.504
219.5,200.0,1151.9,1.7,36.4,49.2,Stress,0.223,9.69,53.22,0.506
406.7,36.9,225.1,12.8,150.9,72.8,Addiction,0.179,21.94,5.36,0.431
398.0,71.5,425.5,2.2,102.1,128.7,Burnout,0.323,15.16,10.62,0.229
495.9,65.1,643.9,9.3,141.9,55.2,Burnout,0.111,16.96,7.78,0.506
387.4,28.3,936.2,2.3,42.4,6.5,Stress,0.017,6.47,4.32,0.436
122.2,58.5,869.0,6.5,24.3,225.4,Stress,1.83,11.37,27.38,0.521
211.1,57.9,774.7,12.4,21.0,57.0,Stress,0.269,5.8,16.0,0.641
388.7,124.0,1149.9,4.4,86.5,75.3,Addiction,0.193,13.15,18.85,0.577
367.5,89.5,513.0,15.0,11.3,10.3,Stress,0.028,1.82,14.38,0.605
187.8,100.8,1428.0,9.9,12.2,163.8,Stress,0.868,3.78,31.21,0.835
286.0,122.1,344.1,2.6,34.5,35.3,Balanced,0.123,7.09,25.09,0.207
158.6,101.9,878.5,1.8,69.1,27.0,Balanced,0.169,25.19,37.14,0.399
71.7,80.1,385.4,3.3,29.3,136.7,Balanced,1.88,22.63,61.85,0.242
198.1,38.3,491.6,6.3,125.9,11.9,Balanced,0.06,37.01,11.26,0.365
190.8,76.5,551.7,15.0,143.3,76.2,Addiction,0.397,43.69,23.32,0.621
153.8,32.5,368.2,15.0,5.0,26.1,Balanced,0.169,1.88,12.2,0.547
291.3,61.9,1183.7,4.2,82.0,84.1,Stress,0.288,16.55,12.49,0.585
183.9,56.0,400.5,4.1,36.6,103.3,Stress,0.559,11.56,17.69,0.27
268.2,58.7,530.8,11.1,112.5,34.1,Balanced,0.127,24.62,12.84,0.508
327.4,21.5,808.4,11.1,84.0,156.5,Burnout,0.477,15.12,3.87,0.619
600.0,5.0,1500.0,15.0,66.7,57.1,Stress,0.095,6.6,0.5,1.0
200.2,48.3,829.1,15.0,52.7,227.9,Addiction,1.133,15.33,14.05,0.732
409.9,141.8,566.1,3.1,12.3,138.0,Burnout,0.336,1.77,20.46,0.309
244.0,70.8,83.6,1.5,200.0,63.1,Addiction,0.258,48.0,16.99,0.073
252.3,134.9,481.7,10.0,18.3,62.7,Stress,0.248,4.25,31.34,0.459
201.9,32.7,317.4,7.7,180.4,13.5,Balanced,0.067,52.06,9.44,0.332
231.5,46.4,421.1,1.0,96.2,136.6,Stress,0.588,24.3,11.72,0.195
185.0,200.0,379.1,1.4,38.2,30.8,Balanced,0.166,12.0,62.83,0.189
370.3,34.4,802.8,9.7,33.4,69.2,Stress,0.186,5.33,5.48,0.58
131.8,99.4,474.0,5.9,11.7,226.4,Stress,1.705,5.09,43.28,0.347
71.2,99.3,257.6,9.8,60.1,154.3,Stress,2.137,46.71,77.18,0.364
150.5,91.8,1002.4,2.5,11.1,21.4,Balanced,0.141,4.26,35.19,0.468
140.2,100.3,184.6,10.4,131.0,57.4,Addiction,0.407,53.76,41.16,0.351
150.5,34.0,547.1,8.4,71.8,75.4,Balanced,0.498,27.53,13.04,0.443
195.4,50.1,484.4,10.9,57.0,169.0,Addiction,0.86,16.98,14.93,0.484
150.8,5.0,695.9,4.5,63.0,150.3,Stress,0.99,24.11,1.91,0.398
193.7,174.9,1157.9,3.7,74.1,92.6,Addiction,0.476,22.26,52.55,0.562
151.1,99.9,1500.0,1.7,44.2,85.5,Stress,0.562,16.88,38.15,0.645
271.5,38.7,565.9,5.1,49.3,56.5,Stress,0.207,10.66,8.37,0.362
600.0,33.0,313.2,13.7,193.5,73.6,Burnout,0.122,19.16,3.27,0.491
241.1,143.4,288.8,15.0,122.0,45.0,Addiction,0.186,29.62,34.82,0.516
155.1,36.4,287.6,2.3,93.2,111.3,Stress,0.713,34.71,13.56,0.176
30.9,38.6,677.8,6.3,38.2,89.3,Balanced,2.799,62.11,62.76,0.439
571.0,27.2,63.4,15.0,6.9,132.7,Stress,0.232,0.72,2.83,0.425
249.1,113.1,174.3,15.0,85.5,129.8,Addiction,0.519,20.11,26.6,0.47
192.6,133.6,678.3,4.9,62.8,30.6,Addiction,0.158,18.97,40.36,0.402
32.8,56.2,1036.5,14.6,48.4,2.5,Stress,0.074,74.85,86.91,0.804
198.9,134.2,1040.6,12.9,54.9,28.2,Addiction,0.141,16.08,39.3,0.76
230.3,86.4,585.7,12.2,19.4,73.1,Stress,0.316,4.93,21.94,0.56
151.5,25.7,947.3,1.2,25.5,45.1,Balanced,0.296,9.71,9.79,0.411
81.9,166.6,1171.5,4.0,122.2,43.3,Addiction,0.522,83.41,113.72,0.575
77.9,27.0,395.7,5.8,5.0,26.4,Balanced,0.335,3.58,19.31,0.313
576.1,59.4,1092.5,5.6,110.2,82.1,Burnout,0.142,11.36,6.12,0.586
226.3,56.3,122.4,6.2,155.6,92.0,Addiction,0.405,40.19,14.54,0.214
151.4,48.9,169.7,15.0,84.2,93.5,Stress,0.614,32.1,18.64,0.468
218.3,9.6,414.6,5.1,81.1,130.4,Stress,0.595,21.69,2.57,0.302
209.3,200.0,106.7,8.7,25.3,300.0,Addiction,1.427,7.05,55.74,0.275
75.0,11.2,812.0,8.5,29.0,1.9,Balanced,0.025,21.48,8.3,0.551
356.5,173.5,350.2,6.3,41.0,90.0,Balanced,0.252,6.79,28.72,0.308
189.5,32.1,488.3,2.4,15.4,105.2,Stress,0.552,4.73,9.85,0.259
228.2,41.7,502.1,7.0,27.0,28.3,Balanced,0.123,6.92,10.68,0.388
470.4,162.4,406.5,1.0,62.6,48.2,Burnout,0.102,7.88,20.45,0.189
83.8,93.1,286.1,9.3,38.9,35.8,Balanced,0.422,25.99,62.2,0.362
127.3,18.9,784.9,1.0,67.0,94.9,Stress,0.74,30.16,8.51,0.341
257.0,18.5,344.2,8.7,121.9,141.8,Addiction,0.55,27.81,4.22,0.37
352.5,83.6,497.1,3.8,66.6,16.0,Balanced,0.045,11.15,13.99,0.3
142.3,26.5,700.9,2.7,81.8,83.0,Balanced,0.579,33.1,10.72,0.352
147.6,96.2,1165.0,11.2,10.9,165.1,Stress,1.111,4.26,37.58,0.765
306.5,103.2,1103.9,4.6,120.4,30.6,Addiction,0.1,23.12,19.81,0.564
600.0,35.1,369.5,6.7,10.6,23.2,Balanced,0.039,1.05,3.48,0.326
222.7,43.6,273.6,1.3,36.5,20.3,Balanced,0.091,9.58,11.44,0.144
127.0,85.6,1325.7,15.0,20.4,24.6,Stress,0.192,9.2,38.62,0.93
102.9,33.8,342.7,7.2,7.0,223.5,Stress,2.151,3.86,18.62,0.329
195.0,70.8,762.8,7.2,63.9,262.6,Addiction,1.34,19.07,21.13,0.497
343.3,200.0,100.7,9.5,87.1,181.7,Burnout,0.528,14.96,34.35,0.294
600.0,88.5,61.3,1.0,158.3,44.2,Addiction,0.074,15.67,8.76,0.051
175.2,49.4,565.4,15.0,71.2,187.0,Addiction,1.061,23.58,16.36,0.626
222.9,200.0,447.1,4.9,26.9,19.0,Balanced,0.085,7.05,52.42,0.31
522.8,118.8,903.6,15.0,38.1,113.5,Burnout,0.217,4.32,13.48,0.761
254.5,27.1,288.9,4.8,8.4,33.4,Balanced,0.131,1.93,6.24,0.244
242.1,31.9,663.6,3.9,41.6,16.1,Balanced,0.066,10.06,7.71,0.369
467.1,12.8,870.6,9.0,56.4,80.9,Stress,0.173,7.15,1.62,0.588
226.0,84.5,298.8,15.0,84.4,82.6,Addiction,0.364,21.83,21.85,0.52
108.9,7.7,414.3,14.6,101.7,89.5,Stress,0.814,53.11,4.02,0.555
414.3,200.0,202.4,9.8,82.4,98.2,Burnout,0.236,11.76,28.55,0.342
65.6,54.2,926.1,8.9,24.2,77.4,Stress,1.162,20.28,45.42,0.608
375.4,123.8,792.0,6.9,18.0,52.6,Addiction,0.14,2.83,19.48,0.501
212.3,50.5,833.8,15.0,96.4,61.9,Stress,0.29,26.5,13.88,0.734
176.4,83.4,445.7,11.4,6.6,114.8,Stress,0.647,2.17,27.43,0.482
173.6,60.0,782.5,1.7,200.0,75.0,Addiction,0.43,66.82,20.04,0.358
194.6,69.3,476.7,2.7,29.3,37.3,Balanced,0.191,8.76,20.73,0.263
160.5,150.7,1476.7,10.0,132.2,27.8,Addiction,0.172,47.64,54.31,0.857
276.5,200.0,532.2,2.3,34.4,61.5,Stress,0.222,7.31,42.48,0.274
164.2,190.5,1061.2,7.2,88.6,164.6,Addiction,0.996,31.23,67.16,0.616
47.9,200.0,447.6,12.1,18.7,99.5,Stress,2.035,20.82,222.63,0.502
213.3,37.0,1275.5,9.1,59.1,171.3,Stress,0.799,16.17,10.12,0.753
45.4,89.4,273.0,2.0,9.2,43.5,Balanced,0.938,10.74,104.36,0.163
212.4,37.8,724.5,2.9,74.1,70.2,Balanced,0.329,20.36,10.38,0.367
158.5,146.5,320.3,9.3,18.3,79.6,Balanced,0.499,6.67,53.43,0.376
359.8,28.3,643.1,15.0,21.4,119.1,Stress,0.33,3.51,4.64,0.657
181.0,152.4,344.0,6.1,39.8,43.5,Balanced,0.239,12.77,48.9,0.3
330.4,77.8,530.7,12.4,47.1,99.2,Stress,0.299,8.4,13.88,0.543
309.1,62.7,385.5,9.1,84.5,157.5,Burnout,0.508,16.09,11.94,0.397
314.0,68.3,849.3,3.8,78.3,55.3,Stress,0.176,14.68,12.81,0.441
185.1,23.9,746.1,12.5,64.0,24.1,Stress,0.13,20.09,7.5,0.632
220.9,25.9,311.0,1.2,109.9,161.6,Addiction,0.728,29.06,6.85,0.156
272.2,78.8,303.7,11.9,76.7,106.8,Addiction,0.391,16.54,16.99,0.439
225.0,78.4,253.1,9.5,80.9,11.8,Balanced,0.052,21.01,20.36,0.355
181.3,39.2,211.5,4.1,21.2,56.5,Balanced,0.31,6.79,12.56,0.194
116.0,53.8,889.2,2.5,116.0,233.6,Stress,1.997,57.05,26.46,0.422
214.8,94.8,240.8,4.4,106.1,92.8,Addiction,0.43,28.83,25.76,0.214
71.4,33.6,682.4,3.5,66.5,61.4,Balanced,0.848,51.55,26.05,0.366
42.5,11.2,359.6,5.3,103.3,20.9,Balanced,0.48,127.79,13.86,0.285
98.1,179.1,1040.5,4.8,55.5,20.8,Addiction,0.21,31.99,103.23,0.544
311.9,82.9,1500.0,4.1,163.8,113.3,Addiction,0.362,30.92,15.65,0.709
245.0,45.4,50.0,1.2,61.8,23.0,Balanced,0.093,14.77,10.85,0.052
313.7,37.7,270.0,2.2,54.0,80.1,Balanced,0.255,10.13,7.08,0.167
135.1,33.3,354.8,13.9,77.1,55.1,Balanced,0.405,32.79,14.16,0.513
380.8,146.1,457.7,4.2,187.4,76.1,Addiction,0.199,29.07,22.66,0.295
77.9,20.2,436.2,5.4,35.4,50.9,Balanced,0.645,25.32,14.45,0.318
100.7,89.2,167.4,4.6,73.4,89.3,Balanced,0.878,41.27,50.16,0.19
377.0,89.1,1500.0,15.0,37.7,129.8,Burnout,0.343,5.91,13.96,1.0
234.5,114.6,448.7,3.5,54.0,51.7,Balanced,0.22,13.47,28.59,0.273
314.8,49.0,743.7,3.2,26.8,121.0,Stress,0.383,5.01,9.16,0.383
245.6,169.1,759.9,9.7,79.3,177.1,Burnout,0.718,18.91,40.33,0.563
148.0,116.9,132.7,7.6,57.9,79.6,Balanced,0.534,22.56,45.55,0.256
92.3,47.6,403.1,9.9,101.8,111.0,Stress,1.19,62.14,29.05,0.425
52.5,36.2,889.2,9.4,122.4,16.2,Balanced,0.303,125.54,37.13,0.606
547.6,60.2,1330.0,12.7,135.6,52.7,Burnout,0.096,14.7,6.52,0.871
63.6,46.4,409.9,1.9,39.0,10.1,Balanced,0.156,33.62,40.0,0.215
458.3,31.2,158.5,9.0,77.2,36.5,Balanced,0.079,9.98,4.03,0.303
226.9,70.6,330.8,3.3,141.7,53.3,Addiction,0.234,36.5,18.19,0.22
250.1,54.1,396.1,1.0,26.6,248.6,Stress,0.99,6.23,12.67,0.185
240.5,196.2,384.3,9.4,62.8,28.2,Addiction,0.117,15.29,47.76,0.404
292.4,46.3,253.4,9.0,28.3,58.8,Stress,0.2,5.69,9.31,0.341
126.5,35.9,142.4,6.5,185.8,23.1,Balanced,0.181,84.14,16.26,0.23
37.4,67.2,200.6,12.9,140.6,49.2,Addiction,1.281,194.38,92.9,0.424
146.0,81.0,333.2,3.3,87.3,90.5,Addiction,0.616,34.46,31.97,0.221
278.2,85.6,879.0,10.5,86.3,102.9,Addiction,0.369,18.22,18.07,0.632
101.4,85.0,1117.3,5.8,30.8,43.3,Balanced,0.423,17.21,47.49,0.602
386.1,68.9,574.8,6.1,152.2,32.7,Addiction,0.084,23.29,10.54,0.393
196.8,65.2,205.9,1.0,45.3,194.7,Stress,0.984,13.4,19.29,0.109
94.8,103.6,349.0,13.0,33.6,40.3,Balanced,0.421,20.0,61.67,0.486
233.2,28.7,64.9,8.8,127.1,3.7,Balanced,0.016,31.88,7.2,0.261
275.4,36.1,1347.0,10.2,41.8,158.1,Stress,0.572,8.91,7.7,0.811
287.1,15.4,305.9,2.9,34.9,5.4,Balanced,0.019,7.14,3.15,0.2
30.0,29.2,700.1,8.0,106.0,158.3,Stress,5.106,176.67,48.67,0.493
377.3,136.5,1065.0,5.8,19.6,10.4,Stress,0.027,3.07,21.37,0.581
73.4,100.5,1500.0,9.1,88.1,13.4,Addiction,0.18,66.57,75.94,0.843
377.6,200.0,946.6,7.8,63.4,18.3,Addiction,0.048,9.92,31.28,0.587
397.4,180.9,382.4,15.0,99.8,37.2,Addiction,0.093,14.84,26.91,0.553
92.4,101.1,768.0,15.0,81.1,159.5,Addiction,1.708,49.45,61.65,0.707
106.1,74.8,1500.0,5.3,200.0,19.0,Addiction,0.177,107.05,40.04,0.741
324.0,68.2,303.5,9.4,68.0,90.3,Addiction,0.278,12.36,12.4,0.372
164.8,7.1,135.2,4.9,41.7,74.5,Balanced,0.449,14.65,2.49,0.185
430.9,62.6,255.1,12.7,58.1,63.8,Burnout,0.148,7.98,8.6,0.441
499.0,41.7,732.2,6.0,80.5,137.3,Burnout,0.275,9.56,4.95,0.453
94.7,30.3,390.3,4.4,178.8,68.6,Balanced,0.717,106.53,18.05,0.273
124.8,90.0,494.0,7.9,92.2,73.3,Addiction,0.583,42.29,41.28,0.408
226.0,56.9,820.9,14.9,29.4,110.2,Stress,0.485,7.6,14.72,0.726
36.5,71.4,250.2,13.3,200.0,38.4,Addiction,1.024,282.35,100.8,0.455
53.9,26.4,475.6,4.6,118.9,59.4,Balanced,1.082,119.1,26.44,0.313
115.2,120.4,344.0,15.0,27.8,79.5,Balanced,0.684,13.76,59.6,0.538
596.0,46.1,1500.0,3.0,21.4,127.1,Stress,0.213,2.13,4.59,0.68
247.0,86.6,926.3,3.9,17.6,52.6,Stress,0.212,4.17,20.54,0.475
138.8,49.3,392.5,12.3,55.8,58.4,Balanced,0.418,23.12,20.43,0.485
105.5,5.5,375.1,1.0,57.6,88.6,Balanced,0.832,31.0,2.96,0.177
91.6,92.6,1500.0,6.7,33.0,53.6,Stress,0.579,20.29,56.93,0.779
145.6,59.8,1500.0,5.2,15.1,29.0,Balanced,0.198,5.98,23.67,0.739
140.1,14.3,728.7,15.0,21.8,110.0,Stress,0.78,8.95,5.87,0.691
183.9,23.5,511.6,2.6,93.6,68.9,Balanced,0.373,29.57,7.42,0.274
283.2,122.9,170.4,2.8,45.9,41.4,Balanced,0.146,9.52,25.5,0.143
202.0,15.1,257.1,15.0,24.3,18.3,Balanced,0.09,7.01,4.36,0.503
335.2,45.1,158.1,5.3,63.2,5.6,Balanced,0.017,11.11,7.93,0.205
175.7,200.0,1093.9,14.5,72.7,92.4,Addiction,0.523,24.01,66.04,0.824
520.6,94.3,173.0,4.6,78.8,28.2,Addiction,0.054,8.98,10.74,0.192
330.5,111.4,371.2,3.8,61.4,9.5,Balanced,0.029,10.95,19.86,0.25
243.0,53.1,80.9,15.0,54.3,24.7,Balanced,0.101,13.08,12.8,0.432
283.8,13.0,121.7,15.0,134.5,79.1,Stress,0.278,27.85,2.69,0.449
148.2,76.5,847.3,15.0,22.7,28.0,Stress,0.188,8.83,29.77,0.739
182.1,25.1,650.8,4.4,48.7,80.5,Balanced,0.44,15.53,8.01,0.378
177.7,22.9,525.7,6.5,8.1,34.6,Balanced,0.194,2.65,7.48,0.384
128.0,70.1,376.8,3.0,43.7,59.0,Balanced,0.457,19.57,31.39,0.231
80.4,26.8,105.7,3.4,66.7,63.8,Balanced,0.784,46.32,18.61,0.133
292.8,64.2,337.0,3.3,105.3,105.3,Addiction,0.358,21.14,12.89,0.223
365.9,37.2,453.8,4.7,8.4,108.0,Stress,0.294,1.36,6.0,0.307
268.8,62.5,807.5,7.3,65.2,60.8,Stress,0.225,14.24,13.65,0.518
201.6,42.7,1053.3,6.7,196.8,22.0,Balanced,0.109,56.88,12.34,0.6
600.0,63.8,865.9,11.1,83.2,149.1,Burnout,0.248,8.24,6.32,0.642
137.6,171.0,648.0,7.6,18.8,40.6,Balanced,0.293,7.86,71.45,0.462
248.0,113.1,519.6,10.4,43.7,76.6,Stress,0.308,10.32,26.72,0.485
396.2,58.5,602.1,11.5,85.2,79.3,Addiction,0.2,12.71,8.73,0.548
98.6,153.0,318.6,4.5,34.3,42.2,Balanced,0.424,19.67,87.76,0.247
306.0,87.5,553.7,5.9,71.0,10.5,Balanced,0.034,13.65,16.83,0.379
539.9,146.0,451.8,15.0,67.9,7.6,Addiction,0.014,7.46,16.05,0.581
212.0,16.9,1500.0,4.2,55.1,45.4,Stress,0.213,15.17,4.65,0.712
234.8,27.1,613.4,10.8,16.9,19.6,Balanced,0.083,4.21,6.75,0.533
138.2,75.9,58.5,2.0,31.2,126.8,Stress,0.911,12.98,31.58,0.077
281.9,57.4,360.8,11.8,200.0,43.6,Addiction,0.154,41.68,11.96,0.459
125.9,64.0,413.8,3.6,41.4,38.6,Balanced,0.304,18.83,29.11,0.262
204.3,97.9,947.9,6.9,45.7,229.7,Addiction,1.119,13.04,27.93,0.563
73.0,76.4,671.3,1.7,45.5,2.2,Balanced,0.03,34.56,58.03,0.314
30.0,120.7,647.0,6.4,103.4,58.6,Addiction,1.89,172.33,201.17,0.429
156.8,118.5,1249.8,6.5,47.5,5.9,Balanced,0.037,17.51,43.67,0.673
155.1,28.3,1500.0,5.7,56.1,161.2,Stress,1.033,20.89,10.54,0.752
165.6,5.8,846.4,9.2,65.2,9.2,Balanced,0.055,22.8,2.03,0.584
324.8,26.6,383.5,14.1,111.7,82.1,Stress,0.252,20.26,4.82,0.529
371.8,25.1,392.9,2.8,56.3,72.4,Balanced,0.194,8.94,3.99,0.232
254.2,67.7,1143.9,5.8,61.2,5.7,Balanced,0.022,14.11,15.61,0.612
311.7,67.0,391.9,1.1,35.8,82.6,Balanced,0.264,6.76,12.65,0.186
128.3,54.7,493.2,7.5,72.3,34.5,Balanced,0.267,32.3,24.44,0.397
108.0,89.9,354.5,2.6,88.2,96.5,Addiction,0.885,46.42,47.32,0.211
285.2,200.0,202.6,6.7,92.6,32.1,Addiction,0.112,19.08,41.21,0.26
97.7,53.8,1500.0,7.8,188.9,82.9,Addiction,0.84,109.3,31.13,0.808
90.0,78.2,495.8,1.3,29.2,53.3,Balanced,0.586,18.25,48.88,0.233
600.0,63.9,1369.9,8.6,58.2,82.6,Burnout,0.137,5.76,6.33,0.777
220.4,39.6,396.2,13.7,47.8,95.0,Stress,0.429,12.67,10.49,0.524
155.2,98.5,305.7,10.1,166.5,48.0,Addiction,0.307,61.97,36.66,0.392
143.9,51.7,796.9,2.9,95.2,40.8,Balanced,0.282,38.11,20.69,0.396
74.6,32.8,1050.3,6.3,12.1,92.9,Stress,1.229,9.01,24.42,0.588
251.0,34.9,1096.5,6.9,33.2,35.0,Balanced,0.139,7.75,8.15,0.623
175.5,123.7,449.1,5.9,43.3,49.0,Balanced,0.278,14.31,40.89,0.337
365.8,96.8,855.8,1.9,14.1,185.5,Stress,0.506,2.28,15.62,0.393
290.4,43.4,334.3,3.3,61.6,59.1,Balanced,0.203,12.47,8.79,0.222
171.7,88.9,548.4,5.5,37.2,108.0,Stress,0.625,12.56,30.02,0.366
45.2,64.5,415.8,7.7,194.5,29.7,Addiction,0.643,227.93,75.59,0.372
220.8,79.2,367.3,4.1,71.9,81.9,Balanced,0.369,19.02,20.95,0.256
208.9,38.7,565.6,1.0,41.9,50.2,Balanced,0.239,11.7,10.81,0.253
37.4,25.8,197.7,4.3,24.2,41.8,Balanced,1.089,33.46,35.67,0.194
271.1,51.5,992.3,15.0,54.3,5.0,Stress,0.018,11.76,11.15,0.797
95.3,30.0,368.5,8.7,156.9,19.9,Balanced,0.207,92.93,17.77,0.379
376.7,28.1,960.4,7.5,48.2,240.8,Stress,0.638,7.56,4.41,0.584
201.1,17.9,237.7,3.3,54.7,52.7,Balanced,0.261,15.85,5.19,0.183
141.2,5.8,367.5,4.5,122.6,59.5,Balanced,0.418,49.97,2.36,0.267
239.9,44.0,197.0,1.0,70.3,124.1,Stress,0.515,17.15,10.74,0.105
231.0,139.9,190.2,3.1,102.0,75.4,Addiction,0.325,25.82,35.42,0.159
225.9,116.9,266.4,8.4,75.6,41.6,Balanced,0.183,19.56,30.25,0.331
348.5,188.3,241.0,7.6,72.6,42.0,Addiction,0.12,12.29,31.87,0.299
248.7,27.0,198.6,3.8,11.4,18.1,Balanced,0.072,2.69,6.36,0.181
133.0,103.1,520.7,5.9,21.1,87.7,Balanced,0.654,9.11,44.5,0.366
178.8,58.3,786.1,6.7,64.8,90.4,Stress,0.503,21.04,18.93,0.493
453.7,35.0,815.0,4.0,26.3,60.2,Stress,0.132,3.43,4.57,0.433
125.1,129.1,97.2,9.0,54.4,51.4,Addiction,0.408,24.9,59.08,0.279
268.5,58.8,413.7,7.4,19.3,91.1,Stress,0.338,4.22,12.85,0.363
355.9,11.2,381.9,4.7,123.3,17.6,Balanced,0.049,20.44,1.86,0.278
283.9,116.0,1264.7,2.1,29.2,78.9,Stress,0.277,6.04,24.01,0.562
221.6,84.5,426.4,4.4,24.1,193.4,Stress,0.869,6.35,22.28,0.288
242.7,70.6,488.4,4.1,15.2,30.7,Balanced,0.126,3.67,17.03,0.305
294.4,22.2,138.4,3.8,91.9,46.9,Balanced,0.159,18.36,4.43,0.157
124.1,76.9,260.4,1.3,54.3,155.9,Addiction,1.246,25.04,35.47,0.139
209.7,171.3,129.9,15.0,120.2,60.2,Addiction,0.286,33.44,47.65,0.452
600.0,82.8,546.1,15.0,36.0,115.0,Burnout,0.191,3.56,8.2,0.618
273.4,15.4,1291.6,5.7,20.6,82.9,Stress,0.302,4.42,3.31,0.669
226.4,87.4,268.3,7.6,52.4,88.8,Balanced,0.391,13.53,22.56,0.31
167.7,83.4,429.1,8.9,137.0,28.9,Addiction,0.171,47.32,28.81,0.409
125.1,109.1,242.3,5.8,11.1,27.9,Balanced,0.221,5.08,49.93,0.252
247.5,81.7,312.7,8.0,69.1,103.0,Addiction,0.414,16.36,19.34,0.338
257.8,28.2,554.7,9.9,74.4,11.8,Balanced,0.046,16.92,6.41,0.486
201.2,67.8,1500.0,7.2,152.5,48.9,Addiction,0.242,44.16,19.63,0.792
600.0,52.2,1249.3,11.1,27.3,91.1,Stress,0.152,2.7,5.17,0.796
132.5,74.0,1497.6,3.7,10.3,46.6,Stress,0.349,4.46,32.06,0.698
112.4,132.4,966.3,6.3,39.1,51.9,Balanced,0.458,19.81,67.09,0.555
169.2,37.1,424.7,15.0,100.9,119.6,Stress,0.703,34.55,12.71,0.57
205.1,200.0,380.2,12.9,57.1,170.6,Addiction,0.828,16.23,56.85,0.496
120.7,87.0,269.7,7.4,80.3,300.0,Addiction,2.465,38.03,41.2,0.305
244.0,116.5,419.4,2.8,21.8,159.5,Stress,0.651,5.23,27.96,0.242
259.8,105.8,1303.8,6.6,45.9,37.8,Balanced,0.145,10.36,23.88,0.698
314.6,84.5,1293.9,12.4,58.8,23.8,Stress,0.075,11.0,15.81,0.848
152.2,96.0,1500.0,10.6,13.0,38.3,Stress,0.25,4.93,36.41,0.883
432.5,5.0,585.5,1.0,58.5,92.4,Stress,0.213,8.0,0.68,0.261
302.5,105.6,170.2,1.4,42.5,42.3,Balanced,0.139,8.27,20.54,0.105
130.7,30.2,750.0,1.5,200.0,30.1,Balanced,0.229,87.78,13.26,0.34
120.4,61.5,1500.0,9.0,55.3,186.7,Addiction,1.538,26.25,29.19,0.84
176.5,84.1,1418.4,1.5,158.2,41.0,Addiction,0.231,52.01,27.65,0.607
260.2,136.5,346.1,2.7,79.8,86.5,Addiction,0.331,17.99,30.77,0.21
282.5,30.2,185.9,5.6,50.2,84.6,Balanced,0.298,10.44,6.28,0.224
302.2,44.9,181.1,13.8,142.5,5.2,Balanced,0.017,27.74,8.74,0.44
600.0,50.0,284.7,9.4,18.9,178.1,Stress,0.296,1.87,4.95,0.365
57.2,74.6,322.2,5.1,38.4,16.3,Balanced,0.28,36.46,70.82,0.265
197.8,52.6,400.1,11.3,105.2,10.2,Balanced,0.051,30.97,15.49,0.461
598.6,96.4,821.0,15.0,5.0,36.5,Stress,0.061,0.5,9.57,0.728
322.9,11.7,389.3,6.6,53.9,24.2,Balanced,0.075,9.83,2.13,0.332
107.6,57.8,530.1,2.0,53.5,157.0,Stress,1.446,28.26,30.53,0.265
236.7,182.6,120.8,2.8,67.5,74.3,Addiction,0.313,16.69,45.14,0.123
190.6,52.7,270.0,2.8,46.3,33.2,Balanced,0.173,14.13,16.08,0.183
186.4,87.3,259.4,3.4,102.2,9.7,Addiction,0.052,31.87,27.22,0.194
150.3,122.3,100.4,4.8,28.6,81.9,Balanced,0.541,10.98,46.95,0.168
225.4,85.2,381.5,7.8,112.4,44.7,Addiction,0.197,29.14,22.09,0.361
388.0,200.0,121.7,1.7,21.2,91.7,Burnout,0.236,3.23,30.46,0.094
159.1,69.0,360.2,2.0,71.5,74.7,Balanced,0.467,25.98,25.08,0.197
303.5,99.8,561.2,9.8,131.0,25.1,Addiction,0.082,25.4,19.35,0.486
334.1,76.9,1318.5,4.2,26.4,101.6,Stress,0.303,4.66,13.57,0.639
430.5,158.6,248.0,3.1,32.5,14.0,Addiction,0.032,4.47,21.8,0.182
119.0,46.7,549.6,5.3,115.2,42.9,Balanced,0.358,55.3,22.42,0.361
214.8,200.0,301.7,15.0,64.0,48.7,Addiction,0.226,17.39,54.35,0.521
139.3,37.8,114.8,10.8,10.4,55.2,Balanced,0.393,4.29,15.61,0.334
225.7,194.3,1328.7,10.3,65.9,12.9,Addiction,0.057,17.07,50.32,0.806
224.8,27.1,580.2,15.0,90.2,151.0,Addiction,0.669,23.45,7.05,0.632
99.5,102.1,723.0,8.1,118.5,25.0,Addiction,0.249,67.39,58.07,0.505
233.7,64.5,1474.0,15.0,70.2,6.8,Stress,0.029,17.57,16.15,0.99
600.0,120.6,358.8,15.0,81.8,76.8,Burnout,0.128,8.1,11.94,0.544
283.2,88.8,162.0,1.7,168.9,238.3,Burnout,0.838,35.04,18.42,0.11
85.5,116.1,244.9,1.3,107.4,5.2,Addiction,0.06,70.43,76.13,0.133
114.0,26.3,147.8,2.6,45.0,120.9,Balanced,1.051,22.5,13.15,0.128
208.3,14.1,1090.9,14.4,49.8,58.9,Stress,0.281,13.94,3.95,0.82
115.8,22.5,1500.0,5.4,127.4,13.6,Balanced,0.116,62.76,11.08,0.744
417.6,21.9,556.7,4.9,69.2,48.4,Stress,0.116,9.8,3.1,0.353
78.1,26.0,837.3,11.5,61.7,196.6,Stress,2.485,44.02,18.55,0.642
284.3,40.0,994.3,4.0,43.8,163.8,Stress,0.574,9.05,8.27,0.504
66.2,39.7,1500.0,7.4,124.0,300.0,Stress,4.464,103.05,32.99,0.797
206.3,65.7,1500.0,9.8,27.8,105.5,Stress,0.509,7.86,18.57,0.861
104.5,32.2,76.0,2.8,38.5,35.4,Balanced,0.336,20.9,17.48,0.105
314.2,34.4,308.9,2.3,123.8,119.1,Addiction,0.378,23.2,6.45,0.185
378.9,55.2,510.4,6.6,122.7,28.1,Addiction,0.074,19.13,8.6,0.38
259.7,132.1,277.9,7.2,200.0,52.3,Addiction,0.201,45.16,29.83,0.303
388.7,46.1,408.2,10.9,54.1,28.3,Stress,0.073,8.22,7.01,0.454
30.0,62.4,689.9,2.6,44.4,105.1,Balanced,3.39,74.0,104.0,0.345
231.9,70.4,676.5,3.5,48.1,97.6,Stress,0.419,12.13,17.76,0.364
282.0,28.8,972.3,15.0,11.9,31.0,Stress,0.11,2.48,6.0,0.789
303.1,49.8,519.1,12.7,5.9,141.7,Stress,0.466,1.15,9.67,0.546
51.6,36.8,50.0,5.8,70.0,177.8,Stress,3.38,72.92,38.33,0.175
272.5,123.7,381.5,14.2,41.7,35.7,Balanced,0.131,8.98,26.65,0.531
306.9,116.7,642.0,2.6,29.6,83.3,Stress,0.271,5.68,22.38,0.326
230.3,33.7,1020.1,5.3,61.0,186.3,Stress,0.805,15.49,8.56,0.549
86.1,61.5,921.6,7.2,71.3,77.1,Stress,0.885,46.45,40.07,0.561
149.6,99.8,466.9,4.8,51.1,43.0,Balanced,0.286,19.7,38.48,0.315
418.8,81.9,292.1,4.9,52.2,54.3,Addiction,0.129,7.37,11.57,0.248
392.7,88.4,483.9,10.5,41.3,35.3,Stress,0.09,6.22,13.3,0.474
279.0,29.0,90.2,12.9,95.1,145.1,Addiction,0.518,20.02,6.11,0.38
318.0,189.6,316.7,4.4,36.3,131.4,Addiction,0.412,6.72,35.11,0.244
367.0,39.4,1150.2,1.8,24.2,27.3,Stress,0.074,3.89,6.34,0.508
277.2,38.5,482.7,1.5,39.8,33.1,Balanced,0.119,8.43,8.16,0.233
412.2,19.9,662.0,1.0,67.7,10.5,Balanced,0.025,9.71,2.86,0.291
404.6,57.1,141.6,15.0,99.3,93.0,Burnout,0.229,14.51,8.34,0.457
600.0,141.7,1015.4,10.6,191.5,16.8,Addiction,0.028,18.96,14.03,0.689
153.7,81.3,448.6,9.0,61.2,262.9,Addiction,1.699,22.99,30.54,0.419
155.5,60.6,645.8,3.9,159.6,24.2,Addiction,0.155,59.29,22.51,0.362
30.0,110.9,750.4,3.9,33.7,4.6,Balanced,0.148,56.17,184.83,0.404
265.3,139.4,989.9,13.2,28.7,16.0,Stress,0.06,6.35,30.83,0.748
579.2,116.6,575.6,1.3,79.1,75.1,Burnout,0.129,8.11,11.95,0.265
430.3,10.0,456.9,4.5,87.8,53.6,Burnout,0.124,12.07,1.38,0.303
340.5,111.6,174.8,14.5,66.0,23.6,Balanced,0.069,11.43,19.32,0.457
446.8,90.9,128.7,4.5,200.0,51.1,Burnout,0.114,26.5,12.05,0.171
284.9,33.1,567.1,10.2,35.3,31.7,Balanced,0.111,7.28,6.83,0.499
177.8,91.2,648.8,6.0,139.4,91.1,Addiction,0.51,45.51,29.77,0.42
600.0,141.9,727.9,1.0,29.4,17.6,Addiction,0.029,2.91,14.05,0.318
273.0,40.8,249.4,5.8,92.9,66.0,Balanced,0.241,19.98,8.77,0.254
399.7,122.3,319.2,6.7,59.2,68.5,Addiction,0.171,8.76,18.09,0.306
30.0,82.6,559.5,5.4,69.5,55.2,Balanced,1.781,115.83,137.67,0.368
34.9,5.0,353.3,2.2,79.7,82.2,Balanced,2.29,116.92,7.33,0.2
236.2,64.1,1500.0,5.5,60.9,50.6,Stress,0.213,15.09,15.88,0.747
115.9,80.3,313.5,1.0,52.1,104.2,Balanced,0.891,25.64,39.52,0.152
249.2,51.4,681.4,4.5,9.1,55.1,Stress,0.22,2.14,12.08,0.393
155.3,84.9,902.5,10.8,110.4,150.2,Addiction,0.961,41.07,31.58,0.649
600.0,58.9,941.2,15.0,17.8,65.7,Stress,0.109,1.76,5.83,0.776
381.9,200.0,348.3,15.0,42.1,142.9,Burnout,0.373,6.51,30.94,0.539
470.9,48.6,753.0,2.5,73.3,32.4,Addiction,0.069,9.22,6.11,0.368
41.7,33.9,688.1,1.5,21.2,20.2,Balanced,0.473,26.67,42.64,0.315
337.9,118.1,776.1,7.2,52.0,103.5,Addiction,0.305,9.07,20.6,0.502
191.1,53.6,554.0,6.4,101.8,56.1,Balanced,0.292,30.99,16.32,0.392
475.9,61.4,907.0,9.7,41.3,2.3,Stress,0.005,5.14,7.64,0.621
310.3,57.4,603.9,3.6,52.7,26.7,Balanced,0.086,10.0,10.89,0.338
208.5,113.6,155.1,6.5,25.5,75.4,Balanced,0.36,7.13,31.78,0.235
92.9,25.8,590.7,6.2,45.4,51.7,Balanced,0.551,27.54,15.65,0.402
233.5,122.2,642.5,4.6,18.3,25.4,Balanced,0.108,4.58,30.61,0.38
413.5,96.3,863.5,1.2,67.0,55.6,Addiction,0.134,9.58,13.77,0.377
491.2,200.0,567.6,10.7,14.2,64.2,Burnout,0.13,1.71,24.14,0.512
170.5,75.7,1500.0,7.2,34.2,6.8,Stress,0.04,11.63,25.73,0.792
600.0,27.6,469.3,11.2,59.6,139.8,Stress,0.233,5.9,2.73,0.486
395.5,76.4,333.7,13.2,49.3,165.1,Stress,0.416,7.37,11.42,0.485
117.5,83.5,1251.8,5.8,76.3,26.6,Balanced,0.224,37.07,40.57,0.655
99.4,150.3,459.5,10.7,52.8,232.3,Addiction,2.314,30.06,85.56,0.469
198.7,27.5,529.1,15.0,9.1,52.1,Stress,0.261,2.67,8.06,0.612
170.3,15.4,642.7,15.0,20.9,29.9,Balanced,0.175,7.11,5.24,0.657
286.3,77.5,604.2,7.9,57.5,29.0,Balanced,0.101,11.8,15.91,0.452
219.0,200.0,771.8,8.4,121.0,220.9,Addiction,1.004,32.27,53.33,0.533
179.5,106.5,828.5,7.8,106.5,18.1,Addiction,0.1,34.45,34.45,0.539
69.2,110.8,309.4,9.4,200.0,65.5,Addiction,0.933,159.57,88.4,0.374
315.8,19.4,189.1,12.8,37.6,72.7,Stress,0.229,7.01,3.62,0.417
64.6,68.3,210.8,7.7,99.4,104.1,Balanced,1.587,84.48,58.05,0.29
396.3,152.2,1160.9,15.0,94.5,60.9,Addiction,0.153,14.09,22.7,0.864
46.0,84.2,430.6,15.0,163.6,209.1,Addiction,4.449,188.77,97.15,0.572
61.7,14.3,897.0,6.7,134.7,239.1,Stress,3.813,119.38,12.67,0.537
117.1,67.3,844.3,6.7,70.7,174.1,Stress,1.474,34.46,32.8,0.516
160.7,101.3,529.0,4.3,88.2,79.1,Addiction,0.489,31.75,36.46,0.326
139.8,61.8,246.1,9.8,76.5,122.1,Stress,0.867,31.48,25.43,0.36
160.2,30.7,858.6,5.0,55.8,42.4,Balanced,0.263,20.14,11.08,0.477
252.2,120.6,515.6,4.2,83.7,143.9,Addiction,0.568,19.45,28.02,0.318
119.0,47.0,178.0,9.6,65.4,31.8,Balanced,0.265,31.39,22.56,0.327
253.6,90.1,355.7,2.4,63.3,21.9,Balanced,0.086,14.63,20.82,0.206
30.0,65.9,118.1,12.9,168.8,21.2,Addiction,0.684,281.33,109.83,0.391
115.9,45.5,369.5,9.9,71.7,93.0,Balanced,0.796,35.29,22.4,0.412
59.2,200.0,549.7,15.0,61.2,190.1,Addiction,3.158,56.32,184.05,0.62
